Reg. č.,Program zkratka,Obor zkr. zkratka,Typ studia,Forma,Datum přijetí př.,Školné zapl.,Potvrzení zájmu,KA - obec,KA - stát,Rozh. o přijetí - kód,Rozh. o přijetí - název,Datum zápisu,Studium,ID přihlášky,Program název,Pohlaví
54944,N-EGS,,Magisterský navazující,prezenční,10. 12. 2021,,ne,lagos,Ostatní,20,20 - Nepřijat -- PZ,,ne,211855,Environmental Geosciences,muž
54649,N-LPA,,Magisterský navazující,prezenční,05. 12. 2021,16500,ano,"Rouiba , Algiers, Algeria",Alžírská lidová demokratická republika,10,10 - Přijat,,ne,211842,Landscape Planning,žena
57223,B-BEE,,Bakalářský,prezenční,08. 01. 2022,,ne,Durbawa,Nigérijská federativní republika,20,20 - Nepřijat -- PZ,,ne,213142,Environmental Engineering,muž
52848,N-ENVA,,Magisterský navazující,prezenční,23. 10. 2021,16500,ano,erbil,Irácká republika,10,10 - Přijat,,ne,212115,Environmental Modelling,muž
55776,N-ENVA,,Magisterský navazující,prezenční,22. 12. 2021,,ne,Praha,Česká republika,20,20 - Nepřijat -- PZ,,ne,211861,Environmental Modelling,muž
70461,B-BEDS,,Bakalářský,prezenční,24. 03. 2022,,ne,Tashkent,Republika Uzbekistán,20,20 - Nepřijat -- PZ,,ne,237282,Environmental Data Science,muž
83627,N-NCO,,Magisterský navazující,prezenční,09. 04. 2022,16500,ano,Quetta,Pákistánská islámská republika,10,10 - Přijat,,ne,237091,Nature Conservation,muž
58683,N-EGS,,Magisterský navazující,prezenční,17. 01. 2022,,ne,Islamic center colony University of the Punjab Lahore Pakistan,Pákistánská islámská republika,20,20 - Nepřijat -- PZ,,ne,213115,Environmental Geosciences,muž
16056,N-EGS,,Magisterský navazující,prezenční,22. 02. 2022,,ne,Islamic center colony University of the Punjab Lahore Pakistan,Pákistánská islámská republika,20,20 - Nepřijat -- PZ,,ne,232375,Environmental Geosciences,muž
52688,B-BEE,,Bakalářský,prezenční,12. 10. 2021,,ne,Canal view lahore,Pákistánská islámská republika,20,20 - Nepřijat -- PZ,,ne,210755,Environmental Engineering,muž
53223,B-BEDS,,Bakalářský,prezenční,12. 11. 2021,,ne,Bauchi State,Nigérijská federativní republika,20,20 - Nepřijat -- PZ,,ne,210756,Environmental Data Science,muž
53303,N-EGS,,Magisterský navazující,prezenční,14. 11. 2021,,ne,Kaduna,Nigérijská federativní republika,20,20 - Nepřijat -- PZ,,ne,211856,Environmental Geosciences,muž
34358,B-BEDS,,Bakalářský,prezenční,28. 02. 2022,,ne,Cape Coast,Ghanská republika,20,20 - Nepřijat -- PZ,,ne,237283,Environmental Data Science,muž
57817,N-EGS,,Magisterský navazující,prezenční,11. 01. 2022,,ne,"Okuru Ama, Port Harcourt.",Nigérijská federativní republika,20,20 - Nepřijat -- PZ,,ne,213835,Environmental Geosciences,muž
84412,N-EGS,,Magisterský navazující,prezenční,16. 04. 2022,,ne,"Okuru Ama, Port Harcourt.",Nigérijská federativní republika,20,20 - Nepřijat -- PZ,,ne,237301,Environmental Geosciences,muž
52606,N-EGS,,Magisterský navazující,prezenční,07. 10. 2021,,ne,Madina,Ghanská republika,20,20 - Nepřijat -- PZ,,ne,211485,Environmental Geosciences,muž
65905,B-BEDS,,Bakalářský,prezenční,21. 03. 2022,,ne,Praha,Česká republika,20,20 - Nepřijat -- PZ,,ne,230608,Environmental Data Science,muž
83760,B-BEE,,Bakalářský,prezenční,10. 04. 2022,,ne,Doha,Stát Katar,20,20 - Nepřijat -- PZ,,ne,237066,Environmental Engineering,muž
52472,N-LPA,,Magisterský navazující,prezenční,01. 10. 2021,,ne,No.6 dongli district,Čínská lidová republika,20,20 - Nepřijat -- PZ,,ne,210775,Landscape Planning,muž
84474,N-EGS,,Magisterský navazující,prezenční,16. 04. 2022,20000,ano,Lagos State,Nigérijská federativní republika,10,10 - Přijat,,ne,237302,Environmental Geosciences,muž
52748,N-EGS,,Magisterský navazující,prezenční,16. 10. 2021,20000,ano,"Jos South, Plateau State, Nigeria",Nigérijská federativní republika,10,10 - Přijat,,ne,213995,Environmental Geosciences,žena
52744,B-BEE,,Bakalářský,prezenční,15. 10. 2021,,ne,Sango otta ogun state,Nigérijská federativní republika,20,20 - Nepřijat -- PZ,,ne,211814,Environmental Engineering,muž
42951,B-BEE,,Bakalářský,prezenční,02. 03. 2022,,ne,Sango otta ogun state,Nigérijská federativní republika,20,20 - Nepřijat -- PZ,,ne,230609,Environmental Engineering,muž
72588,B-BEDS,,Bakalářský,prezenční,27. 03. 2022,,ne,Ibadan,Nigérijská federativní republika,20,20 - Nepřijat -- PZ,,ne,230610,Environmental Data Science,žena
54515,B-BEDS,,Bakalářský,prezenční,03. 12. 2021,,ne,Ifako Ijaiye,Nigérijská federativní republika,20,20 - Nepřijat -- PZ,,ne,211815,Environmental Data Science,muž
52781,B-BEE,,Bakalářský,prezenční,19. 10. 2021,,ne,Ikorodu Lagos State,Nigérijská federativní republika,20,20 - Nepřijat -- PZ,,ne,210757,Environmental Engineering,muž
55193,N-EGS,,Magisterský navazující,prezenční,13. 12. 2021,,ne,"Mamprobi, Accra",Ghanská republika,20,20 - Nepřijat -- PZ,,ne,213876,Environmental Geosciences,muž
71514,N-LPA,,Magisterský navazující,prezenční,25. 03. 2022,,ne,Techiman,Ghanská republika,20,20 - Nepřijat -- PZ,,ne,238508,Landscape Planning,muž
55670,B-BEE,,Bakalářský,prezenční,20. 12. 2021,10000,ano,Dhaka,Bangladéšská lidová republika,10,10 - Přijat,,ne,211816,Environmental Engineering,žena
52902,N-EGS,,Magisterský navazující,prezenční,27. 10. 2021,,ne,buea,Kamerunská republika,20,20 - Nepřijat -- PZ,,ne,211486,Environmental Geosciences,muž
74663,B-BEDS,,Bakalářský,prezenční,28. 03. 2022,,ne,Praha,Česká republika,20,20 - Nepřijat -- PZ,,ne,237284,Environmental Data Science,muž
66547,N-ENVA,,Magisterský navazující,prezenční,21. 03. 2022,,ne,Peshawar,Pákistánská islámská republika,20,20 - Nepřijat -- PZ,,ne,237207,Environmental Modelling,muž
55644,N-NCO,,Magisterský navazující,prezenční,20. 12. 2021,,ne,"27 Amidu jimoh off governors road ikotun Lagos state, Nigeria.",Nigérijská federativní republika,20,20 - Nepřijat -- PZ,,ne,212596,Nature Conservation,muž
56649,N-LPA,,Magisterský navazující,prezenční,04. 01. 2022,,ne,Accra,Ghanská republika,20,20 - Nepřijat -- PZ,,ne,212132,Landscape Planning,muž
53715,B-BEDS,,Bakalářský,prezenční,21. 11. 2021,,ne,Uralsk,Republika Kazachstán,20,20 - Nepřijat -- PZ,,ne,210758,Environmental Data Science,žena
84425,B-BEDS,,Bakalářský,prezenční,16. 04. 2022,,ne,Uralsk,Republika Kazachstán,20,20 - Nepřijat -- PZ,,ne,238510,Environmental Data Science,žena
71327,N-ENVA,,Magisterský navazující,prezenční,25. 03. 2022,16500,ano,Abakaliki,Nigérijská federativní republika,10,10 - Přijat,,ne,231748,Environmental Modelling,muž
53498,N-LPA,,Magisterský navazující,prezenční,18. 11. 2021,,ne,Port Harcourt,Nigérijská federativní republika,20,20 - Nepřijat -- PZ,,ne,213255,Landscape Planning,muž
66950,B-BEE,,Bakalářský,prezenční,21. 03. 2022,,ne,Mowe,Nigérijská federativní republika,20,20 - Nepřijat -- PZ,,ne,230611,Environmental Engineering,muž
55083,B-BEE,,Bakalářský,prezenční,12. 12. 2021,,ne,Lagos State,Nigérijská federativní republika,20,20 - Nepřijat -- PZ,,ne,213143,Environmental Engineering,muž
55080,B-BEDS,,Bakalářský,prezenční,12. 12. 2021,,ne,Lagos State,Nigérijská federativní republika,20,20 - Nepřijat -- PZ,,ne,213144,Environmental Data Science,muž
57214,N-LPA,,Magisterský navazující,prezenční,07. 01. 2022,0,ano,Abeokuta,Nigérijská federativní republika,10,10 - Přijat,,ne,212622,Landscape Planning,muž
64523,B-BEDS,,Bakalářský,prezenční,18. 03. 2022,10000,ano,Istanbul,Turecká republika,10,10 - Přijat,,ne,236335,Environmental Data Science,muž
59055,N-NCO,,Magisterský navazující,prezenční,20. 01. 2022,,ne,FCT-Abuja,Nigérijská federativní republika,20,20 - Nepřijat -- PZ,,ne,213799,Nature Conservation,muž
38633,B-BEDS,,Bakalářský,prezenční,01. 03. 2022,10000,ano,Praha,Česká republika,10,10 - Přijat,17.10.2022,ano,230612,Environmental Data Science,muž
82889,N-ENVA,,Magisterský navazující,prezenční,03. 04. 2022,16500,ano,Jos,Nigérijská federativní republika,10,10 - Přijat,,ne,237208,Environmental Modelling,muž
53423,B-BEDS,,Bakalářský,prezenční,16. 11. 2021,,ne,Chereponi,Ghanská republika,20,20 - Nepřijat -- PZ,,ne,211817,Environmental Data Science,muž
84275,N-EGS,,Magisterský navazující,prezenční,14. 04. 2022,,ne,New Cairo,Egyptská arabská republika,20,20 - Nepřijat -- PZ,,ne,237303,Environmental Geosciences,žena
52998,N-ENVA,,Magisterský navazující,prezenční,03. 11. 2021,,ne,Port Harcourt,Ostatní,20,20 - Nepřijat -- PZ,,ne,211475,Environmental Modelling,muž
16973,N-ENVA,,Magisterský navazující,prezenční,23. 02. 2022,,ne,Port Harcourt,Ostatní,20,20 - Nepřijat -- PZ,,ne,231749,Environmental Modelling,muž
84079,B-BEE,,Bakalářský,prezenční,11. 04. 2022,,ne,Sari,Íránská islámská republika,20,20 - Nepřijat -- PZ,,ne,237067,Environmental Engineering,žena
46840,N-LPA,,Magisterský navazující,prezenční,05. 03. 2022,,ne,Praha,Česká republika,20,20 - Nepřijat -- PZ,,ne,237099,Landscape Planning,žena
83387,B-BEE,,Bakalářský,prezenční,07. 04. 2022,,ne,Dammam,Saúdskoarabské království,20,20 - Nepřijat -- PZ,,ne,236336,Environmental Engineering,žena
58722,N-EGS,,Magisterský navazující,prezenční,18. 01. 2022,20000,ano,Abuja,Nigérijská federativní republika,10,10 - Přijat,17.10.2022,ano,213116,Environmental Geosciences,žena
51634,B-BEE,,Bakalářský,prezenční,08. 03. 2022,,ne,Cairo,Egyptská arabská republika,20,20 - Nepřijat -- PZ,,ne,230613,Environmental Engineering,muž
52941,B-BEE,,Bakalářský,prezenční,30. 10. 2021,,ne,Praha,Česká republika,20,20 - Nepřijat -- PZ,,ne,210759,Environmental Engineering,muž
56343,B-BEDS,,Bakalářský,prezenční,02. 01. 2022,,ne,Karaj,Íránská islámská republika,20,20 - Nepřijat -- PZ,,ne,213870,Environmental Data Science,muž
83583,N-ENVA,,Magisterský navazující,prezenční,08. 04. 2022,,ne,Mampong - Ashanti,Ghanská republika,20,20 - Nepřijat -- PZ,,ne,237209,Environmental Modelling,žena
52720,N-LPA,,Magisterský navazující,prezenční,14. 10. 2021,,ne,TANOSO KUMASI,Ghanská republika,20,20 - Nepřijat -- PZ,,ne,211843,Landscape Planning,muž
52886,N-ENVA,,Magisterský navazující,prezenční,26. 10. 2021,,ne,Nanjing,Čínská lidová republika,20,20 - Nepřijat -- PZ,,ne,213177,Environmental Modelling,muž
94558,B-BEE,,Bakalářský,prezenční,10. 08. 2022,0,ano,Kharkiv,Ukrajina,10,10 - Přijat,,ne,244238,Environmental Engineering,muž
59343,B-BEE,,Bakalářský,prezenční,21. 01. 2022,,ne,Minsk,Běloruská republika,20,20 - Nepřijat -- PZ,,ne,213871,Environmental Engineering,žena
82740,N-EGS,,Magisterský navazující,prezenční,01. 04. 2022,,ne,Owerri,Nigérijská federativní republika,20,20 - Nepřijat -- PZ,,ne,237093,Environmental Geosciences,žena
59353,B-BEDS,,Bakalářský,prezenční,21. 01. 2022,,ne,Enugu,Nigérijská federativní republika,20,20 - Nepřijat -- PZ,,ne,213455,Environmental Data Science,muž
62029,N-EGS,,Magisterský navazující,prezenční,15. 03. 2022,,ne,Port Harcourt,Nigérijská federativní republika,20,20 - Nepřijat -- PZ,,ne,232376,Environmental Geosciences,muž
53731,N-NCO,,Magisterský navazující,prezenční,21. 11. 2021,,ne,"Egbeda,Lagos",Nigérijská federativní republika,20,20 - Nepřijat -- PZ,,ne,211615,Nature Conservation,žena
52923,N-NCO,,Magisterský navazující,prezenční,29. 10. 2021,,ne,bibiani,Ghanská republika,20,20 - Nepřijat -- PZ,,ne,211616,Nature Conservation,muž
73000,B-BEDS,,Bakalářský,prezenční,27. 03. 2022,,ne,"FCT Abuja, Nigeria",Nigérijská federativní republika,20,20 - Nepřijat -- PZ,,ne,237285,Environmental Data Science,muž
55453,N-NCO,,Magisterský navazující,prezenční,17. 12. 2021,,ne,Abuja Nigeria,Ostatní,20,20 - Nepřijat -- PZ,,ne,211617,Nature Conservation,muž
55797,B-BEE,,Bakalářský,prezenční,23. 12. 2021,,ne,"2 Prudent, Street.",Ghanská republika,20,20 - Nepřijat -- PZ,,ne,213145,Environmental Engineering,muž
53705,B-BEDS,,Bakalářský,prezenční,21. 11. 2021,,ne,St. Petersburg,Ruská federace,20,20 - Nepřijat -- PZ,,ne,211818,Environmental Data Science,muž
72220,B-BEE,,Bakalářský,prezenční,26. 03. 2022,0,ne,Praha,Česká republika,10,10 - Přijat,,ne,236337,Environmental Engineering,muž
59819,B-BEE,,Bakalářský,prezenční,23. 01. 2022,,ne,"Moscow region, Ramenskoe district, Briton village",Ruská federace,20,20 - Nepřijat -- PZ,,ne,213956,Environmental Engineering,žena
56469,N-ENVA,,Magisterský navazující,prezenční,03. 01. 2022,,ne,"P. O. BOX 5, KOKOFU-ADWUMAM- A/R.",Ghanská republika,20,20 - Nepřijat -- PZ,,ne,212116,Environmental Modelling,muž
29167,N-EGS,,Magisterský navazující,prezenční,26. 02. 2022,,ne,iloin,Ostatní,20,20 - Nepřijat -- PZ,,ne,232377,Environmental Geosciences,muž
84347,N-EGS,,Magisterský navazující,prezenční,15. 04. 2022,,ne,Brno,Česká republika,20,20 - Nepřijat -- PZ,,ne,237304,Environmental Geosciences,muž
58661,B-BEDS,,Bakalářský,prezenční,17. 01. 2022,,ne,"Enugu state, Nigeria",Nigérijská federativní republika,20,20 - Nepřijat -- PZ,,ne,214022,Environmental Data Science,muž
84160,N-ENVA,,Magisterský navazující,prezenční,13. 04. 2022,16500,ano,Adenta Ghana,Ghanská republika,10,10 - Přijat,,ne,237210,Environmental Modelling,muž
58192,N-EGS,,Magisterský navazující,prezenční,14. 01. 2022,,ne,Kumasi,Ghanská republika,20,20 - Nepřijat -- PZ,,ne,213355,Environmental Geosciences,muž
70737,N-EGS,,Magisterský navazující,prezenční,24. 03. 2022,,ne,Accra,Ghanská republika,20,20 - Nepřijat -- PZ,,ne,237094,Environmental Geosciences,muž
83884,N-NCO,,Magisterský navazující,prezenční,10. 04. 2022,,ne,Pirmahal,Ostatní,20,20 - Nepřijat -- PZ,,ne,237201,Nature Conservation,muž
53543,B-BEE,,Bakalářský,prezenční,19. 11. 2021,,ne,Accra,Ghanská republika,20,20 - Nepřijat -- PZ,,ne,211819,Environmental Engineering,muž
53072,N-EGS,,Magisterský navazující,prezenční,06. 11. 2021,,ne,"Igando, Lagos",Nigérijská federativní republika,20,20 - Nepřijat -- PZ,,ne,211487,Environmental Geosciences,muž
11333,N-EGS,,Magisterský navazující,prezenční,21. 02. 2022,,ne,Lagos,Nigérijská federativní republika,20,20 - Nepřijat -- PZ,,ne,232378,Environmental Geosciences,muž
27141,N-LPA,,Magisterský navazující,prezenční,26. 02. 2022,,ne,Abuja,Nigérijská federativní republika,20,20 - Nepřijat -- PZ,,ne,230600,Landscape Planning,muž
56480,B-BEE,,Bakalářský,prezenční,03. 01. 2022,10000,ano,New Delhi,Indická republika,10,10 - Přijat,,ne,212107,Environmental Engineering,žena
58526,B-BEDS,,Bakalářský,prezenční,16. 01. 2022,10000,ano,Praha (Vršovice),Česká republika,10,10 - Přijat,22.09.2022,ano,213146,Environmental Data Science,muž
64764,N-NCO,,Magisterský navazující,prezenční,19. 03. 2022,,ne,Saint Petersburg,Ruská federace,20,20 - Nepřijat -- PZ,,ne,238456,Nature Conservation,žena
57636,B-BEE,,Bakalářský,prezenční,10. 01. 2022,10000,ano,Chișinău,Moldavská republika,10,10 - Přijat,06.10.2022,ano,214023,Environmental Engineering,muž
54058,N-LPA,,Magisterský navazující,prezenční,26. 11. 2021,,ne,Volgograd,Ruská federace,20,20 - Nepřijat -- PZ,,ne,211844,Landscape Planning,žena
59897,B-BEDS,,Bakalářský,prezenční,23. 01. 2022,,ne,Ulan-Ude,Ruská federace,20,20 - Nepřijat -- PZ,,ne,213872,Environmental Data Science,žena
54546,N-EGS,,Magisterský navazující,prezenční,04. 12. 2021,20000,ano,Lagos,Nigérijská federativní republika,10,10 - Přijat,,ne,213996,Environmental Geosciences,muž
76969,B-BEDS,,Bakalářský,prezenční,29. 03. 2022,,ne,Praha (Kobylisy),Česká republika,20,20 - Nepřijat -- PZ,,ne,236338,Environmental Data Science,žena
84569,N-ENVA,,Magisterský navazující,prezenční,17. 04. 2022,0,ano,Duitama,Kolumbijská republika,10,10 - Přijat,,ne,237211,Environmental Modelling,žena
64118,B-BEDS,,Bakalářský,prezenční,18. 03. 2022,,ne,Plzeň,Česká republika,20,20 - Nepřijat -- PZ,,ne,230614,Environmental Data Science,muž
72600,B-BEE,,Bakalářský,prezenční,27. 03. 2022,,ne,Plzeň,Česká republika,20,20 - Nepřijat -- PZ,,ne,230615,Environmental Engineering,muž
83529,B-BEE,,Bakalářský,prezenční,08. 04. 2022,10000,ano,Prilep,Republika Severní Makedonie,10,10 - Přijat,21.09.2022,ano,237068,Environmental Engineering,žena
84241,B-BEE,,Bakalářský,prezenční,14. 04. 2022,10000,ano,Tbilisi,Gruzie,10,10 - Přijat,06.10.2022,ano,237286,Environmental Engineering,muž
53594,N-EGS,,Magisterský navazující,prezenční,19. 11. 2021,,ne,Ikorodu,Nigérijská federativní republika,20,20 - Nepřijat -- PZ,,ne,211488,Environmental Geosciences,muž
70399,B-BEDS,,Bakalářský,prezenční,24. 03. 2022,,ne,Tashkent,Republika Uzbekistán,20,20 - Nepřijat -- PZ,,ne,237287,Environmental Data Science,muž
67128,B-BEDS,,Bakalářský,prezenční,22. 03. 2022,,ne,Tehran,Íránská islámská republika,20,20 - Nepřijat -- PZ,,ne,237069,Environmental Data Science,muž
52562,N-ENVA,,Magisterský navazující,prezenční,05. 10. 2021,16500,ano,Praha (Břevnov),Česká republika,10,10 - Přijat,26.09.2022,ano,211476,Environmental Modelling,muž
55821,N-LPA,,Magisterský navazující,prezenční,23. 12. 2021,,ne,Kasur,Pákistánská islámská republika,20,20 - Nepřijat -- PZ,,ne,211845,Landscape Planning,muž
55403,N-ENVA,,Magisterský navazující,prezenční,16. 12. 2021,,ne,Kasur,Pákistánská islámská republika,20,20 - Nepřijat -- PZ,,ne,211862,Environmental Modelling,muž
84297,N-ENVA,,Magisterský navazující,prezenční,14. 04. 2022,,ne,Kasur,Pákistánská islámská republika,20,20 - Nepřijat -- PZ,,ne,237212,Environmental Modelling,muž
84494,N-LPA,,Magisterský navazující,prezenční,17. 04. 2022,,ne,Kasur,Pákistánská islámská republika,20,20 - Nepřijat -- PZ,,ne,237277,Landscape Planning,muž
57184,N-NCO,,Magisterský navazující,prezenční,07. 01. 2022,,ne,Spintex,Ghanská republika,20,20 - Nepřijat -- PZ,,ne,212597,Nature Conservation,žena
53126,N-LPA,,Magisterský navazující,prezenční,09. 11. 2021,,ne,Ejisu - Ashanti Region,Ghanská republika,20,20 - Nepřijat -- PZ,,ne,210776,Landscape Planning,muž
57538,N-ENVA,,Magisterský navazující,prezenční,10. 01. 2022,,ne,village Pridorozhnyy,Ruská federace,20,20 - Nepřijat -- PZ,,ne,212533,Environmental Modelling,žena
84541,N-LPA,,Magisterský navazující,prezenční,17. 04. 2022,16500,ano,Praha,Česká republika,10,10 - Přijat,22.09.2022,ano,237278,Landscape Planning,muž
55849,B-BEDS,,Bakalářský,prezenční,24. 12. 2021,10000,ano,Praha,Česká republika,10,10 - Přijat,21.09.2022,ano,211820,Environmental Data Science,žena
59468,B-BEE,,Bakalářský,prezenční,22. 01. 2022,,ne,Auchi,Nigérijská federativní republika,20,20 - Nepřijat -- PZ,,ne,214156,Environmental Engineering,muž
54597,B-BEE,,Bakalářský,prezenční,04. 12. 2021,10000,ano,Skopje,Republika Severní Makedonie,10,10 - Přijat,22.09.2022,ano,211821,Environmental Engineering,žena
59456,B-BEDS,,Bakalářský,prezenční,22. 01. 2022,10000,ano,Tashkent,Republika Uzbekistán,10,10 - Přijat,26.09.2022,ano,213873,Environmental Data Science,žena
54700,N-NCO,,Magisterský navazující,prezenční,06. 12. 2021,,ne,Shanghai,Čínská lidová republika,20,20 - Nepřijat -- PZ,,ne,211618,Nature Conservation,muž
71091,B-BEE,,Bakalářský,prezenční,25. 03. 2022,,ne,Tabokoto,Gambijská republika,20,20 - Nepřijat -- PZ,,ne,237070,Environmental Engineering,muž
58558,B-BEDS,,Bakalářský,prezenční,17. 01. 2022,10000,ano,Jardines de San Miguel Cuautitlan Izcalli,Spojené státy mexické,10,10 - Přijat,,ne,213456,Environmental Data Science,muž
59168,B-BEDS,,Bakalářský,prezenční,20. 01. 2022,,ne,Jirny,Česká republika,20,20 - Nepřijat -- PZ,,ne,213435,Environmental Data Science,muž
54928,B-BEE,,Bakalářský,prezenční,09. 12. 2021,10000,ano,Tehran,Íránská islámská republika,10,10 - Přijat,,ne,213874,Environmental Engineering,muž
11095,B-BEDS,,Bakalářský,prezenční,21. 02. 2022,,ne,Praha,Česká republika,20,20 - Nepřijat -- PZ,,ne,230616,Environmental Data Science,muž
18734,B-BEDS,,Bakalářský,prezenční,23. 02. 2022,0,ne,Praha (Kunratice),Česká republika,10,10 - Přijat,,ne,230617,Environmental Data Science,muž
29530,N-NCO,,Magisterský navazující,prezenční,27. 02. 2022,,ne,Praha (Suchdol),Česká republika,20,20 - Nepřijat -- PZ,,ne,232389,Nature Conservation,žena
24473,B-BEDS,,Bakalářský,prezenční,25. 02. 2022,,ne,Praha,Česká republika,20,20 - Nepřijat -- PZ,,ne,230618,Environmental Data Science,muž
54808,B-BEE,,Bakalářský,prezenční,07. 12. 2021,,ne,Grabels,Francouzská jižní území,20,20 - Nepřijat -- PZ,,ne,211822,Environmental Engineering,žena
55393,N-EGS,,Magisterský navazující,prezenční,16. 12. 2021,0,ano,Mogoditshane,Botswanská republika,10,10 - Přijat,,ne,211857,Environmental Geosciences,muž
58425,N-ENVA,,Magisterský navazující,prezenční,16. 01. 2022,,ne,FEDERAL DISTRICT,Brazilská federativní republika,20,20 - Nepřijat -- PZ,,ne,213100,Environmental Modelling,muž
58615,N-LPA,,Magisterský navazující,prezenční,17. 01. 2022,,ne,Hawally,Kuvajtský stát,20,20 - Nepřijat -- PZ,,ne,213256,Landscape Planning,muž
53056,N-EGS,,Magisterský navazující,prezenční,05. 11. 2021,0,ano,Techiman,Ghanská republika,10,10 - Přijat,,ne,211858,Environmental Geosciences,muž
57569,B-BEDS,,Bakalářský,prezenční,10. 01. 2022,,ne,İnönü Mah.,Turecká republika,20,20 - Nepřijat -- PZ,,ne,213895,Environmental Data Science,muž
84480,B-BEDS,,Bakalářský,prezenční,16. 04. 2022,,ne,İnönü Mah.,Turecká republika,20,20 - Nepřijat -- PZ,,ne,237288,Environmental Data Science,muž
52832,N-EGS,,Magisterský navazující,prezenční,22. 10. 2021,,ne,Techiman,Ghanská republika,20,20 - Nepřijat -- PZ,,ne,212530,Environmental Geosciences,muž
59534,B-BEDS,,Bakalářský,prezenční,22. 01. 2022,10000,ano,Osh,Republika Kyrgyzstán,10,10 - Přijat,,ne,213896,Environmental Data Science,žena
56879,B-BEE,,Bakalářský,prezenční,06. 01. 2022,0,ne,Las Vegas,Spojené státy americké,10,10 - Přijat,,ne,212108,Environmental Engineering,žena
52989,B-BEDS,,Bakalářský,prezenční,02. 11. 2021,,ne,STRAZEELE,Francouzská republika,20,20 - Nepřijat -- PZ,,ne,213147,Environmental Data Science,žena
52999,N-LPA,,Magisterský navazující,prezenční,03. 11. 2021,0,ano,Chennai,Indická republika,10,10 - Přijat,,ne,210777,Landscape Planning,muž
52478,N-EGS,,Magisterský navazující,prezenční,01. 10. 2021,,ne,Benin City,Nigérijská federativní republika,20,20 - Nepřijat -- PZ,,ne,211489,Environmental Geosciences,muž
69904,N-EGS,,Magisterský navazující,prezenční,23. 03. 2022,,ne,Benin City,Nigérijská federativní republika,20,20 - Nepřijat -- PZ,,ne,232379,Environmental Geosciences,muž
52628,N-LPA,,Magisterský navazující,prezenční,08. 10. 2021,16500,ano,Sowutuom,Ghanská republika,10,10 - Přijat,,ne,213861,Landscape Planning,muž
55519,N-EGS,,Magisterský navazující,prezenční,18. 12. 2021,,ne,"lkotun, Lagos state",Nigérijská federativní republika,20,20 - Nepřijat -- PZ,,ne,211859,Environmental Geosciences,muž
29062,B-BEE,,Bakalářský,prezenční,26. 02. 2022,,ne,Benin City,Nigérijská federativní republika,20,20 - Nepřijat -- PZ,,ne,236339,Environmental Engineering,muž
59572,N-EGS,,Magisterský navazující,prezenční,22. 01. 2022,,ne,Marrakech,Marocké království,20,20 - Nepřijat -- PZ,,ne,213836,Environmental Geosciences,muž
10080,B-BEE,,Bakalářský,prezenční,21. 02. 2022,0,ano,Gouraya,Ostatní,10,10 - Přijat,,ne,230619,Environmental Engineering,muž
60150,N-NCO,,Magisterský navazující,prezenční,24. 01. 2022,16500,ano,Oñati,Španělské království,10,10 - Přijat,03.10.2022,ano,213987,Nature Conservation,žena
58339,B-BEE,,Bakalářský,prezenční,15. 01. 2022,,ne,COMMAND,Nigérijská federativní republika,20,20 - Nepřijat -- PZ,,ne,213148,Environmental Engineering,muž
55653,N-EGS,,Magisterský navazující,prezenční,20. 12. 2021,,ne,"Isolo, Lagos State",Nigérijská federativní republika,20,20 - Nepřijat -- PZ,,ne,211860,Environmental Geosciences,žena
83773,N-EGS,,Magisterský navazující,prezenční,10. 04. 2022,,ne,Port Harcourt,Nigérijská federativní republika,20,20 - Nepřijat -- PZ,,ne,237115,Environmental Geosciences,muž
62680,N-ENVA,,Magisterský navazující,prezenční,16. 03. 2022,,ne,"Pencinema, Ogba, Lagos state",Nigérijská federativní republika,20,20 - Nepřijat -- PZ,,ne,231750,Environmental Modelling,muž
53024,N-NCO,,Magisterský navazující,prezenční,04. 11. 2021,0,ano,Palencia,Španělské království,10,10 - Přijat,,ne,211619,Nature Conservation,žena
84111,N-NCO,,Magisterský navazující,prezenční,12. 04. 2022,0,ne,Lagos,Nigérijská federativní republika,10,10 - Přijat,,ne,237092,Nature Conservation,žena
56780,N-EGS,,Magisterský navazující,prezenční,05. 01. 2022,,ne,Ifako-Ijaye,Nigérijská federativní republika,20,20 - Nepřijat -- PZ,,ne,213837,Environmental Geosciences,žena
52568,B-BEDS,,Bakalářský,prezenční,05. 10. 2021,,ne,Abeokuta,Nigérijská federativní republika,20,20 - Nepřijat -- PZ,,ne,210760,Environmental Data Science,muž
71969,B-BEDS,,Bakalářský,prezenční,26. 03. 2022,,ne,Osogbo,Nigérijská federativní republika,20,20 - Nepřijat -- PZ,,ne,236340,Environmental Data Science,muž
52618,N-NCO,,Magisterský navazující,prezenční,07. 10. 2021,,ne,Ilesa,Nigérijská federativní republika,20,20 - Nepřijat -- PZ,,ne,211620,Nature Conservation,muž
74959,B-BEDS,,Bakalářský,prezenční,28. 03. 2022,,ne,Aktobe,Republika Kazachstán,20,20 - Nepřijat -- PZ,,ne,237071,Environmental Data Science,žena
52619,N-NCO,,Magisterský navazující,prezenční,08. 10. 2021,16500,ano,"Guatemala City, zone 5",Guatemalská republika,10,10 - Přijat,22.09.2022,ano,211621,Nature Conservation,muž
59047,N-ENVA,,Magisterský navazující,prezenční,19. 01. 2022,16500,ano,Negombo,Srílanská demokratická socialistická republika,10,10 - Přijat,,ne,213336,Environmental Modelling,muž
84211,B-BEDS,,Bakalářský,prezenční,13. 04. 2022,,ne,"Limassol, Cyprus",Ostatní,20,20 - Nepřijat -- PZ,,ne,237289,Environmental Data Science,muž
52488,B-BEDS,,Bakalářský,prezenční,01. 10. 2021,,ne,Mexico,Spojené státy mexické,20,20 - Nepřijat -- PZ,,ne,211823,Environmental Data Science,žena
52536,N-NCO,,Magisterský navazující,prezenční,03. 10. 2021,0,ano,Dansoman,Ghanská republika,10,10 - Přijat,,ne,211622,Nature Conservation,muž
84482,N-LPA,,Magisterský navazující,prezenční,16. 04. 2022,0,ne,Stuttgart,Spolková republika Německo,10,10 - Přijat,,ne,238509,Landscape Planning,žena
51637,B-BEE,,Bakalářský,prezenční,09. 03. 2022,,ne,Granby,Spojené státy americké,20,20 - Nepřijat -- PZ,,ne,230620,Environmental Engineering,muž
54573,N-EGS,,Magisterský navazující,prezenční,04. 12. 2021,,ne,Ras Sadr,Egyptská arabská republika,20,20 - Nepřijat -- PZ,,ne,213984,Environmental Geosciences,muž
55658,B-BEE,,Bakalářský,prezenční,20. 12. 2021,0,ne,Skopje,Republika Severní Makedonie,10,10 - Přijat,,ne,212109,Environmental Engineering,žena
52552,N-EGS,,Magisterský navazující,prezenční,04. 10. 2021,,ne,Lime tree garden,Jamajka,20,20 - Nepřijat -- PZ,,ne,211490,Environmental Geosciences,žena
84469,B-BEE,,Bakalářský,prezenční,16. 04. 2022,10000,ano,"Los Andes, Valparaiso region, Chile",Chilská republika,10,10 - Přijat,,ne,237290,Environmental Engineering,muž
59600,N-LPA,,Magisterský navazující,prezenční,22. 01. 2022,0,ano,São Paulo,Ostatní,10,10 - Přijat,,ne,213862,Landscape Planning,žena
57303,N-LPA,,Magisterský navazující,prezenční,08. 01. 2022,,ne,Sary,Íránská islámská republika,20,20 - Nepřijat -- PZ,,ne,212623,Landscape Planning,žena
55491,B-BEE,,Bakalářský,prezenční,18. 12. 2021,,ne,Mahalapye,Botswanská republika,20,20 - Nepřijat -- PZ,,ne,211824,Environmental Engineering,muž
53035,B-BEE,,Bakalářský,prezenční,04. 11. 2021,10000,ano,"San Pedro Tecamac, Cholula, Puebla.",Spojené státy mexické,10,10 - Přijat,21.09.2022,ano,210761,Environmental Engineering,muž
54803,N-EGS,,Magisterský navazující,prezenční,07. 12. 2021,,ne,Kazan,Ruská federace,20,20 - Nepřijat -- PZ,,ne,213838,Environmental Geosciences,muž
57479,N-EGS,,Magisterský navazující,prezenční,09. 01. 2022,,ne,iztapalapa,Spojené státy mexické,20,20 - Nepřijat -- PZ,,ne,212531,Environmental Geosciences,muž
53823,B-BEE,,Bakalářský,prezenční,22. 11. 2021,,ano,Brno,Česká republika,24,24 - Nepřijat (další podmínky),,ne,213149,Environmental Engineering,žena
56616,B-BEDS,,Bakalářský,prezenční,04. 01. 2022,,ne,Shchelkovo,Ruská federace,20,20 - Nepřijat -- PZ,,ne,212110,Environmental Data Science,žena
52514,B-BEDS,,Bakalářský,prezenční,02. 10. 2021,,ne,Abuja,Ostatní,20,20 - Nepřijat -- PZ,,ne,210762,Environmental Data Science,žena
16339,B-BEE,,Bakalářský,prezenční,23. 02. 2022,,ne,Abuja,Ostatní,20,20 - Nepřijat -- PZ,,ne,230621,Environmental Engineering,žena
84533,N-ENVA,,Magisterský navazující,prezenční,17. 04. 2022,,ne,"Antiguo Cuscatlan, La Libertad",Salvadorská republika,20,20 - Nepřijat -- PZ,,ne,237213,Environmental Modelling,muž
67624,B-BEE,,Bakalářský,prezenční,22. 03. 2022,10000,ano,Praha (Řepy),Česká republika,10,10 - Přijat,18.10.2022,ano,237291,Environmental Engineering,žena
82653,B-BEDS,,Bakalářský,prezenční,01. 04. 2022,,ne,Praha,Česká republika,20,20 - Nepřijat -- PZ,,ne,236341,Environmental Data Science,muž
56545,B-BEDS,,Bakalářský,prezenční,03. 01. 2022,0,ne,Mořina,Česká republika,10,10 - Přijat,,ne,212111,Environmental Data Science,žena
58305,B-BEE,,Bakalářský,prezenční,14. 01. 2022,,ne,Sari,Íránská islámská republika,20,20 - Nepřijat -- PZ,,ne,213897,Environmental Engineering,žena
35700,B-BEE,,Bakalářský,prezenční,28. 02. 2022,,ne,Sari,Íránská islámská republika,20,20 - Nepřijat -- PZ,,ne,236342,Environmental Engineering,žena
83183,B-BEDS,,Bakalářský,prezenční,05. 04. 2022,,ne,Sari,Íránská islámská republika,20,20 - Nepřijat -- PZ,,ne,237292,Environmental Data Science,žena
80036,B-BEE,,Bakalářský,prezenční,31. 03. 2022,,ne,"Dhaka,Uttara",Bangladéšská lidová republika,20,20 - Nepřijat -- PZ,,ne,237293,Environmental Engineering,muž
59266,N-LPA,,Magisterský navazující,prezenční,21. 01. 2022,,ne,Praha,Česká republika,20,20 - Nepřijat -- PZ,,ne,213424,Landscape Planning,žena
52668,N-NCO,,Magisterský navazující,prezenční,11. 10. 2021,0,ano,KIRIBATHGODA,Ostatní,10,10 - Přijat,,ne,211623,Nature Conservation,muž
65207,N-ENVA,,Magisterský navazující,prezenční,20. 03. 2022,,ne,COVENTRY,Spojené království Velké Británie a Severního Irska,20,20 - Nepřijat -- PZ,,ne,231751,Environmental Modelling,muž
53471,N-NCO,,Magisterský navazující,prezenční,17. 11. 2021,,ne,NYARUGENGE- KIYOVU,Rwandská republika,20,20 - Nepřijat -- PZ,,ne,212077,Nature Conservation,muž
56376,N-NCO,,Magisterský navazující,prezenční,02. 01. 2022,16500,ano,Drayton St Leonard,Spojené království Velké Británie a Severního Irska,10,10 - Přijat,22.09.2022,ano,212078,Nature Conservation,žena
21088,N-NCO,,Magisterský navazující,prezenční,24. 02. 2022,16500,ano,Sialkot,Pákistánská islámská republika,10,10 - Přijat,,ne,232390,Nature Conservation,muž
55020,B-BEE,,Bakalářský,prezenční,11. 12. 2021,,ne,"Holly Springs, North Carolina",Spojené státy americké,20,20 - Nepřijat -- PZ,,ne,211825,Environmental Engineering,žena
55755,B-BEE,,Bakalářský,prezenční,22. 12. 2021,,ne,Nigeria,Nigérijská federativní republika,20,20 - Nepřijat -- PZ,,ne,214024,Environmental Engineering,muž
82803,B-BEE,,Bakalářský,prezenční,02. 04. 2022,,ne,Lagos,Nigérijská federativní republika,20,20 - Nepřijat -- PZ,,ne,236343,Environmental Engineering,muž
29940,B-BEDS,,Bakalářský,prezenční,27. 02. 2022,,ne,Zlatníky-Hodkovice (Zlatníky),Česká republika,20,20 - Nepřijat -- PZ,,ne,230622,Environmental Data Science,muž
10494,B-BEE,,Bakalářský,prezenční,10. 03. 2022,,ne,Monrovia,Kanada,20,20 - Nepřijat -- PZ,,ne,230623,Environmental Engineering,muž
12374,B-BEE,,Bakalářský,prezenční,21. 02. 2022,,ne,Praha,Česká republika,20,20 - Nepřijat -- PZ,,ne,230624,Environmental Engineering,žena
76064,B-BEDS,,Bakalářský,prezenční,29. 03. 2022,0,ne,Praha (Sedlec),Česká republika,10,10 - Přijat,,ne,236344,Environmental Data Science,muž
84512,B-BEE,,Bakalářský,prezenční,17. 04. 2022,,ne,Brno,Česká republika,20,20 - Nepřijat -- PZ,,ne,237294,Environmental Engineering,žena
54740,N-ENVA,,Magisterský navazující,prezenční,07. 12. 2021,0,ano,Alimosho,Nigérijská federativní republika,10,10 - Přijat,,ne,211477,Environmental Modelling,muž
30189,N-ENVA,,Magisterský navazující,prezenční,27. 02. 2022,,ne,New Owerri,Nigérijská federativní republika,20,20 - Nepřijat -- PZ,,ne,236309,Environmental Modelling,muž
58701,B-BEDS,,Bakalářský,prezenční,17. 01. 2022,,ne,Enugu south,Nigérijská federativní republika,20,20 - Nepřijat -- PZ,,ne,213457,Environmental Data Science,muž
83319,B-BEDS,,Bakalářský,prezenční,06. 04. 2022,,ne,Praha,Česká republika,20,20 - Nepřijat -- PZ,,ne,237072,Environmental Data Science,muž
82756,N-NCO,,Magisterský navazující,prezenční,01. 04. 2022,,ne,Arondizuogu,Nigérijská federativní republika,20,20 - Nepřijat -- PZ,,ne,236915,Nature Conservation,žena
52868,B-BEE,,Bakalářský,prezenční,24. 10. 2021,,ne,Praha,Česká republika,20,20 - Nepřijat -- PZ,,ne,210763,Environmental Engineering,muž
74652,B-BEDS,,Bakalářský,prezenční,28. 03. 2022,,ne,Praha,Česká republika,20,20 - Nepřijat -- PZ,,ne,237315,Environmental Data Science,muž
68488,B-BEDS,,Bakalářský,prezenční,23. 03. 2022,,ne,Brahmanbaria,Bangladéšská lidová republika,20,20 - Nepřijat -- PZ,,ne,237316,Environmental Data Science,muž
84521,B-BEDS,,Bakalářský,prezenční,17. 04. 2022,,ne,Dhaka,Bangladéšská lidová republika,20,20 - Nepřijat -- PZ,,ne,237317,Environmental Data Science,muž
52797,N-EGS,,Magisterský navazující,prezenční,21. 10. 2021,,ne,"INEZGANE,Morocco",Marocké království,20,20 - Nepřijat -- PZ,,ne,213839,Environmental Geosciences,muž
57858,B-BEE,,Bakalářský,prezenční,11. 01. 2022,,ne,Al Nahda,Egyptská arabská republika,20,20 - Nepřijat -- PZ,,ne,213150,Environmental Engineering,muž
56950,N-ENVA,,Magisterský navazující,prezenční,06. 01. 2022,,ne,Qamishli,Syrská arabská republika,20,20 - Nepřijat -- PZ,,ne,212534,Environmental Modelling,muž
59211,B-BEE,,Bakalářský,prezenční,20. 01. 2022,,ne,Abeokuta,Nigérijská federativní republika,20,20 - Nepřijat -- PZ,,ne,213458,Environmental Engineering,žena
54235,N-ENVA,,Magisterský navazující,prezenční,29. 11. 2021,,ne,Port Harcourt,Nigérijská federativní republika,20,20 - Nepřijat -- PZ,,ne,211863,Environmental Modelling,muž
16275,N-ENVA,,Magisterský navazující,prezenční,22. 02. 2022,,ne,Port Harcourt,Nigérijská federativní republika,20,20 - Nepřijat -- PZ,,ne,231752,Environmental Modelling,muž
58623,B-BEE,,Bakalářský,prezenční,17. 01. 2022,,ne,Kohtla-Järve,Estonská republika,20,20 - Nepřijat -- PZ,,ne,213459,Environmental Engineering,žena
56070,N-EGS,,Magisterský navazující,prezenční,28. 12. 2021,,ne,Lagos,Nigérijská federativní republika,20,20 - Nepřijat -- PZ,,ne,213422,Environmental Geosciences,muž
68145,B-BEDS,,Bakalářský,prezenční,22. 03. 2022,,ne,benin,Nigérijská federativní republika,20,20 - Nepřijat -- PZ,,ne,230625,Environmental Data Science,žena
71937,B-BEE,,Bakalářský,prezenční,26. 03. 2022,,ne,Portland,Spojené státy americké,20,20 - Nepřijat -- PZ,,ne,236345,Environmental Engineering,muž
12471,N-ENVA,,Magisterský navazující,prezenční,21. 02. 2022,,ne,Abadan,Íránská islámská republika,20,20 - Nepřijat -- PZ,,ne,237214,Environmental Modelling,muž
53115,N-LPA,,Magisterský navazující,prezenční,09. 11. 2021,16500,ano,Ain Baida,Alžírská lidová demokratická republika,10,10 - Přijat,17.10.2022,ano,213955,Landscape Planning,muž
58023,B-BEDS,,Bakalářský,prezenční,13. 01. 2022,,ne,Esenyalı Mh.,Turecká republika,20,20 - Nepřijat -- PZ,,ne,213898,Environmental Data Science,muž
84479,B-BEDS,,Bakalářský,prezenční,16. 04. 2022,,ne,Esenyalı Mh.,Turecká republika,20,20 - Nepřijat -- PZ,,ne,237318,Environmental Data Science,muž
72423,B-BEDS,,Bakalářský,prezenční,26. 03. 2022,,ne,Nur-sultan,Republika Kazachstán,20,20 - Nepřijat -- PZ,,ne,237073,Environmental Data Science,muž
83476,B-BEDS,,Bakalářský,prezenční,07. 04. 2022,0,ne,Plzeň (Litice),Česká republika,10,10 - Přijat,,ne,237319,Environmental Data Science,žena
55447,N-LPA,,Magisterský navazující,prezenční,17. 12. 2021,,ne,"Fareed Town, Race Course Road",Pákistánská islámská republika,20,20 - Nepřijat -- PZ,,ne,213863,Landscape Planning,muž
10303,B-BEE,,Bakalářský,prezenční,09. 03. 2022,0,ne,"Fort Collins, Colorado",Spojené státy americké,10,10 - Přijat,,ne,230626,Environmental Engineering,muž
52749,N-NCO,,Magisterský navazující,prezenční,16. 10. 2021,,ne,Ijako,Nigérijská federativní republika,20,20 - Nepřijat -- PZ,,ne,211624,Nature Conservation,muž
82843,N-LPA,,Magisterský navazující,prezenční,02. 04. 2022,,ne,Shiraz,Íránská islámská republika,20,20 - Nepřijat -- PZ,,ne,236353,Landscape Planning,muž
74117,B-BEDS,,Bakalářský,prezenční,28. 03. 2022,,ne,Praha,Česká republika,20,20 - Nepřijat -- PZ,,ne,237320,Environmental Data Science,muž
59339,B-BEE,,Bakalářský,prezenční,21. 01. 2022,0,ano,Tbilisi,Gruzie,10,10 - Přijat,,ne,213899,Environmental Engineering,muž
59405,B-BEE,,Bakalářský,prezenční,21. 01. 2022,0,ano,Tbilisi,Gruzie,10,10 - Přijat,,ne,213900,Environmental Engineering,muž
80291,N-NCO,,Magisterský navazující,prezenční,31. 03. 2022,,ne,OSLO,Norské království,20,20 - Nepřijat -- PZ,,ne,236394,Nature Conservation,muž
38762,N-EGS,,Magisterský navazující,prezenční,01. 03. 2022,,ne,Swabi,Pákistánská islámská republika,20,20 - Nepřijat -- PZ,,ne,237305,Environmental Geosciences,muž
59416,N-LPA,,Magisterský navazující,prezenční,22. 01. 2022,,ne,swabi,Pákistánská islámská republika,20,20 - Nepřijat -- PZ,,ne,213864,Landscape Planning,muž
52925,B-BEDS,,Bakalářský,prezenční,29. 10. 2021,,ne,Tbilisi,Gruzie,20,20 - Nepřijat -- PZ,,ne,212615,Environmental Data Science,žena
84379,B-BEE,,Bakalářský,prezenční,15. 04. 2022,0,ne,Klodzko,Polská republika,10,10 - Přijat,,ne,238435,Environmental Engineering,muž
76728,B-BEE,,Bakalářský,prezenční,29. 03. 2022,10000,ano,Čelákovice,Česká republika,10,10 - Přijat,04.10.2022,ano,236346,Environmental Engineering,muž
28854,N-ENVA,,Magisterský navazující,prezenční,26. 02. 2022,16500,ano,Eldoret,Keňská republika,10,10 - Přijat,,ne,231753,Environmental Modelling,žena
84505,N-LPA,,Magisterský navazující,prezenční,17. 04. 2022,0,ne,Thessaloniki,Řecká republika,10,10 - Přijat,,ne,237279,Landscape Planning,žena
74810,B-BEE,,Bakalářský,prezenční,28. 03. 2022,0,ne,Kladno (Rozdělov),Česká republika,10,10 - Přijat,,ne,236347,Environmental Engineering,muž
84537,N-ENVA,,Magisterský navazující,prezenční,17. 04. 2022,,ne,Douala-Cameroon,Kamerunská republika,20,20 - Nepřijat -- PZ,,ne,237295,Environmental Modelling,žena
56502,N-LPA,,Magisterský navazující,prezenční,03. 01. 2022,,ne,"Sector mu 2 ,",Indická republika,20,20 - Nepřijat -- PZ,,ne,213865,Landscape Planning,muž
53468,N-LPA,,Magisterský navazující,prezenční,17. 11. 2021,16500,ano,MEHRAULI NEW DELHI INDIA PIN-110030,Indická republika,10,10 - Přijat,22.09.2022,ano,213138,Landscape Planning,muž
58280,N-LPA,,Magisterský navazující,prezenční,14. 01. 2022,,ne,SENT PETER CAMPUS BIRSA CHOWK RANCHI JHARKHAND,Indická republika,20,20 - Nepřijat -- PZ,,ne,214017,Landscape Planning,muž
82854,N-ENVA,,Magisterský navazující,prezenční,02. 04. 2022,,ne,"Jalandhar, Punjab, India",Indická republika,20,20 - Nepřijat -- PZ,,ne,236310,Environmental Modelling,muž
84114,N-NCO,,Magisterský navazující,prezenční,12. 04. 2022,,ne,kithana jhunjhunu rajasthan,Indická republika,20,20 - Nepřijat -- PZ,,ne,237202,Nature Conservation,žena
59419,B-BEE,,Bakalářský,prezenční,22. 01. 2022,10000,ano,Istanbul,Turecká republika,10,10 - Přijat,21.09.2022,ano,213460,Environmental Engineering,muž
63870,N-ENVA,,Magisterský navazující,prezenční,17. 03. 2022,,ne,Accra,Ghanská republika,20,20 - Nepřijat -- PZ,,ne,231754,Environmental Modelling,muž
59620,B-BEDS,,Bakalářský,prezenční,23. 01. 2022,,ne,Accra,Ghanská republika,20,20 - Nepřijat -- PZ,,ne,213901,Environmental Data Science,muž
33540,B-BEDS,,Bakalářský,prezenční,28. 02. 2022,,ne,Accra,Ghanská republika,20,20 - Nepřijat -- PZ,,ne,230627,Environmental Data Science,muž
61338,B-BEE,,Bakalářský,prezenční,15. 03. 2022,,ne,"Bangkok, Thailand",Thajské království,20,20 - Nepřijat -- PZ,,ne,230628,Environmental Engineering,muž
94303,B-BEDS,,Bakalářský,prezenční,22. 07. 2022,0,ne,Znamianka,Ukrajina,10,10 - Přijat,,ne,244116,Environmental Data Science,muž
59406,N-NCO,,Magisterský navazující,prezenční,21. 01. 2022,,ne,Minsk,Běloruská republika,20,20 - Nepřijat -- PZ,,ne,213988,Nature Conservation,žena
82294,B-BEE,,Bakalářský,prezenční,31. 03. 2022,0,ne,Stráž nad Nisou,Česká republika,10,10 - Přijat,,ne,236348,Environmental Engineering,muž
84557,N-NCO,,Magisterský navazující,prezenční,17. 04. 2022,,ne,"Ilorin, Kwara State.",Nigérijská federativní republika,20,20 - Nepřijat -- PZ,,ne,237203,Nature Conservation,muž
90456,B-BEDS,,Bakalářský,prezenční,16. 06. 2022,0,ano,Bila Tserkva,Ukrajina,10,10 - Přijat,,ne,240875,Environmental Data Science,muž
52908,B-BEE,,Bakalářský,prezenční,28. 10. 2021,10000,ano,Guatemala City,Guatemalská republika,10,10 - Přijat,29.09.2022,ano,211826,Environmental Engineering,žena
55747,B-BEDS,,Bakalářský,prezenční,22. 12. 2021,10000,ano,Praha,Česká republika,10,10 - Přijat,21.09.2022,ano,214157,Environmental Data Science,žena
60137,B-BEE,,Bakalářský,prezenční,24. 01. 2022,,ne,Tallinn,Estonská republika,20,20 - Nepřijat -- PZ,,ne,214675,Environmental Engineering,žena
52664,B-BEDS,,Bakalářský,prezenční,11. 10. 2021,,ne,Kilwa - Tanzania,Sjednocená republika Tanzanie,20,20 - Nepřijat -- PZ,,ne,212616,Environmental Data Science,muž
57876,B-BEDS,,Bakalářský,prezenční,12. 01. 2022,,ne,Praha,Česká republika,20,20 - Nepřijat -- PZ,,ne,213151,Environmental Data Science,žena
58888,B-BEDS,,Bakalářský,prezenční,18. 01. 2022,,ne,Dubai,Spojené arabské emiráty,20,20 - Nepřijat -- PZ,,ne,214025,Environmental Data Science,muž
53959,N-EGS,,Magisterský navazující,prezenční,25. 11. 2021,,ne,Ibadan,Ostatní,20,20 - Nepřijat -- PZ,,ne,211491,Environmental Geosciences,muž
18679,N-EGS,,Magisterský navazující,prezenční,23. 02. 2022,,ne,Ibadan,Ostatní,20,20 - Nepřijat -- PZ,,ne,232380,Environmental Geosciences,muž
57977,N-ENVA,,Magisterský navazující,prezenční,12. 01. 2022,16500,ano,Baku/Surakhani,Ázerbájdžánská republika,10,10 - Přijat,27.09.2022,ano,213178,Environmental Modelling,muž
52596,N-LPA,,Magisterský navazující,prezenční,06. 10. 2021,16500,ano,Mexico City,Spojené státy mexické,10,10 - Přijat,,ne,210778,Landscape Planning,muž
59276,B-BEDS,,Bakalářský,prezenční,21. 01. 2022,,ne,Tbilisi,Gruzie,20,20 - Nepřijat -- PZ,,ne,213957,Environmental Data Science,muž
59278,N-ENVA,,Magisterský navazující,prezenční,21. 01. 2022,16500,ano,Tbilisi,Gruzie,10,10 - Přijat,03.10.2022,ano,213986,Environmental Modelling,muž
55374,N-NCO,,Magisterský navazující,prezenční,16. 12. 2021,0,ne,"Argyroupolis, Athens",Řecká republika,10,10 - Přijat,,ne,213135,Nature Conservation,žena
68915,N-NCO,,Magisterský navazující,prezenční,23. 03. 2022,0,ne,Praha,Česká republika,10,10 - Přijat,,ne,232391,Nature Conservation,žena
77697,N-LPA,,Magisterský navazující,prezenční,30. 03. 2022,16500,ano,Praha,Česká republika,10,10 - Přijat,22.09.2022,ano,236354,Landscape Planning,žena
84391,B-BEE,,Bakalářský,prezenční,15. 04. 2022,10000,ano,Avon,Spojené státy americké,10,10 - Přijat,21.09.2022,ano,237321,Environmental Engineering,muž
84395,B-BEDS,,Bakalářský,prezenční,15. 04. 2022,,ne,Avon,Spojené státy americké,20,20 - Nepřijat -- PZ,,ne,237322,Environmental Data Science,muž
54828,N-LPA,,Magisterský navazující,prezenční,08. 12. 2021,,ne,Algiers,Ostatní,20,20 - Nepřijat -- PZ,,ne,211846,Landscape Planning,žena
84233,N-ENVA,,Magisterský navazující,prezenční,13. 04. 2022,16500,ano,Guadarrama (Madrid),Španělské království,10,10 - Přijat,22.09.2022,ano,237296,Environmental Modelling,muž
11077,N-NCO,,Magisterský navazující,prezenční,21. 02. 2022,,ne,Bordeaux,Francouzská republika,20,20 - Nepřijat -- PZ,,ne,232392,Nature Conservation,žena
59347,N-LPA,,Magisterský navazující,prezenční,21. 01. 2022,,ne,LAHORE,Pákistánská islámská republika,20,20 - Nepřijat -- PZ,,ne,213866,Landscape Planning,žena
83883,N-LPA,,Magisterský navazující,prezenční,10. 04. 2022,0,ano,LAHORE,Pákistánská islámská republika,10,10 - Přijat,,ne,237100,Landscape Planning,žena
84087,B-BEE,,Bakalářský,prezenční,12. 04. 2022,10000,ano,Kortenberg,Belgické království,10,10 - Přijat,21.09.2022,ano,237323,Environmental Engineering,žena
53245,N-NCO,,Magisterský navazující,prezenční,13. 11. 2021,,ne,"Utter Pradesh, India",Indická republika,20,20 - Nepřijat -- PZ,,ne,211625,Nature Conservation,muž
68620,N-NCO,,Magisterský navazující,prezenční,23. 03. 2022,,ne,"Utter Pradesh, India",Indická republika,20,20 - Nepřijat -- PZ,,ne,232393,Nature Conservation,muž
52684,B-BEE,,Bakalářský,prezenční,12. 10. 2021,10000,ano,St. Charles,Spojené státy americké,10,10 - Přijat,22.09.2022,ano,210764,Environmental Engineering,žena
54687,N-LPA,,Magisterský navazující,prezenční,06. 12. 2021,,ne,Karachi,Pákistánská islámská republika,20,20 - Nepřijat -- PZ,,ne,211847,Landscape Planning,muž
59856,N-EGS,,Magisterský navazující,prezenční,23. 01. 2022,,ne,Sadiqabad Rawalpindi,Pákistánská islámská republika,20,20 - Nepřijat -- PZ,,ne,213985,Environmental Geosciences,muž
57613,N-EGS,,Magisterský navazující,prezenční,10. 01. 2022,20000,ano,"Algiers, Algeria",Alžírská lidová demokratická republika,10,10 - Přijat,,ne,213997,Environmental Geosciences,žena
57607,B-BEE,,Bakalářský,prezenční,10. 01. 2022,,ne,"Algiers, Algeria",Alžírská lidová demokratická republika,20,20 - Nepřijat -- PZ,,ne,214026,Environmental Engineering,žena
53242,B-BEDS,,Bakalářský,prezenční,12. 11. 2021,,ne,Naucalpan de Juárez,Spojené státy mexické,20,20 - Nepřijat -- PZ,,ne,211827,Environmental Data Science,muž
55469,N-ENVA,,Magisterský navazující,prezenční,17. 12. 2021,16500,ano,Erbil,Irácká republika,10,10 - Přijat,,ne,213101,Environmental Modelling,muž
55316,B-BEDS,,Bakalářský,prezenční,15. 12. 2021,,ne,Praha,Česká republika,20,20 - Nepřijat -- PZ,,ne,213461,Environmental Data Science,muž
59931,B-BEE,,Bakalářský,prezenční,23. 01. 2022,,ne,Saint Petersburg,Ruská federace,20,20 - Nepřijat -- PZ,,ne,213902,Environmental Engineering,žena
59136,B-BEE,,Bakalářský,prezenční,20. 01. 2022,0,ano,Dhaka,Bangladéšská lidová republika,10,10 - Přijat,,ne,213436,Environmental Engineering,muž
52753,N-EGS,,Magisterský navazující,prezenční,17. 10. 2021,,ne,Mbeya,Sjednocená republika Tanzanie,20,20 - Nepřijat -- PZ,,ne,211492,Environmental Geosciences,žena
12605,N-LPA,,Magisterský navazující,prezenční,21. 02. 2022,,ne,Cairo,Egyptská arabská republika,20,20 - Nepřijat -- PZ,,ne,230601,Landscape Planning,žena
84157,B-BEDS,,Bakalářský,prezenční,13. 04. 2022,,ne,Milovice (Boží Dar),Česká republika,20,20 - Nepřijat -- PZ,,ne,237324,Environmental Data Science,muž
56098,B-BEE,,Bakalářský,prezenční,29. 12. 2021,10000,ano,CHERTHALA,Indická republika,10,10 - Přijat,,ne,213958,Environmental Engineering,muž
84501,N-NCO,,Magisterský navazující,prezenční,17. 04. 2022,,ne,jind haryana,Indická republika,20,20 - Nepřijat -- PZ,,ne,237204,Nature Conservation,muž
59274,B-BEDS,,Bakalářský,prezenční,21. 01. 2022,,ne,Enugu,Nigérijská federativní republika,20,20 - Nepřijat -- PZ,,ne,214027,Environmental Data Science,muž
54171,B-BEDS,,Bakalářský,prezenční,28. 11. 2021,,ne,Saint-Peetersburg,Ruská federace,20,20 - Nepřijat -- PZ,,ne,211828,Environmental Data Science,žena
27415,B-BEDS,,Bakalářský,prezenční,26. 02. 2022,,ne,Damascus,Syrská arabská republika,20,20 - Nepřijat -- PZ,,ne,236349,Environmental Data Science,muž
10265,B-BEDS,,Bakalářský,prezenční,21. 02. 2022,10000,ano,Nur-Sultan,Republika Kazachstán,10,10 - Přijat,12.10.2022,ano,230629,Environmental Data Science,žena
52550,N-LPA,,Magisterský navazující,prezenční,04. 10. 2021,,ne,Howrah,Indická republika,20,20 - Nepřijat -- PZ,,ne,210779,Landscape Planning,žena
59917,N-EGS,,Magisterský navazující,prezenční,23. 01. 2022,20000,ano,Vienna,Rakouská republika,10,10 - Přijat,,ne,213877,Environmental Geosciences,žena
74237,B-BEE,,Bakalářský,prezenční,28. 03. 2022,,ne,Praha (Chodov),Česká republika,20,20 - Nepřijat -- PZ,,ne,230630,Environmental Engineering,žena
59176,B-BEE,,Bakalářský,prezenční,20. 01. 2022,0,ano,Karaganda,Republika Kazachstán,10,10 - Přijat,,ne,214028,Environmental Engineering,žena
54469,N-LPA,,Magisterský navazující,prezenční,02. 12. 2021,,ne,"Ogbomoso, Oyo state",Nigérijská federativní republika,20,20 - Nepřijat -- PZ,,ne,213257,Landscape Planning,muž
52776,N-ENVA,,Magisterský navazující,prezenční,19. 10. 2021,16500,ano,Lagos,Nigérijská federativní republika,10,10 - Přijat,,ne,211478,Environmental Modelling,muž
48842,B-BEE,,Bakalářský,prezenční,07. 03. 2022,10000,ano,Valmontone,Italská republika,10,10 - Přijat,29.09.2022,ano,230631,Environmental Engineering,žena
16522,N-EGS,,Magisterský navazující,prezenční,23. 02. 2022,,ne,Muhanga,Rwandská republika,20,20 - Nepřijat -- PZ,,ne,232381,Environmental Geosciences,žena
52906,B-BEDS,,Bakalářský,prezenční,27. 10. 2021,10000,ano,"Ward 8, Kamayut Township, Yangon",Myanmarský svaz,10,10 - Přijat,26.09.2022,ano,210765,Environmental Data Science,žena
55574,N-LPA,,Magisterský navazující,prezenční,19. 12. 2021,,ne,Accra,Ghanská republika,20,20 - Nepřijat -- PZ,,ne,214018,Landscape Planning,muž
13960,N-LPA,,Magisterský navazující,prezenční,21. 02. 2022,,ne,Accra,Ghanská republika,20,20 - Nepřijat -- PZ,,ne,230602,Landscape Planning,muž
59997,B-BEE,,Bakalářský,prezenční,24. 01. 2022,,ne,"IYANA IYESI, OGUN STATE",Nigérijská federativní republika,20,20 - Nepřijat -- PZ,,ne,213959,Environmental Engineering,muž
59342,B-BEE,,Bakalářský,prezenční,21. 01. 2022,,ne,Minsk,Běloruská republika,20,20 - Nepřijat -- PZ,,ne,213903,Environmental Engineering,žena
57862,N-LPA,,Magisterský navazující,prezenční,11. 01. 2022,,ne,Beni Suef,Egyptská arabská republika,20,20 - Nepřijat -- PZ,,ne,213139,Landscape Planning,muž
48700,N-LPA,,Magisterský navazující,prezenční,06. 03. 2022,,ne,Beni Suef,Egyptská arabská republika,20,20 - Nepřijat -- PZ,,ne,230603,Landscape Planning,muž
58238,N-ENVA,,Magisterský navazující,prezenční,14. 01. 2022,,ne,Mandi Bahauddin,Pákistánská islámská republika,20,20 - Nepřijat -- PZ,,ne,213102,Environmental Modelling,muž
58355,N-LPA,,Magisterský navazující,prezenční,15. 01. 2022,,ne,Mandi Bahauddin,Pákistánská islámská republika,20,20 - Nepřijat -- PZ,,ne,213140,Landscape Planning,muž
84367,N-ENVA,,Magisterský navazující,prezenční,15. 04. 2022,,ne,Buea-Cameroon,Kamerunská republika,20,20 - Nepřijat -- PZ,,ne,237297,Environmental Modelling,žena
54213,N-ENVA,,Magisterský navazující,prezenční,29. 11. 2021,,ne,"AGBOR, Delta State",Nigérijská federativní republika,20,20 - Nepřijat -- PZ,,ne,213179,Environmental Modelling,muž
64620,N-EGS,,Magisterský navazující,prezenční,19. 03. 2022,,ne,Ajman,Spojené arabské emiráty,20,20 - Nepřijat -- PZ,,ne,232382,Environmental Geosciences,žena
64498,N-EGS,,Magisterský navazující,prezenční,18. 03. 2022,20000,ano,Wien,Rakouská republika,10,10 - Přijat,,ne,237116,Environmental Geosciences,muž
44983,N-EGS,,Magisterský navazující,prezenční,04. 03. 2022,,ne,Suyani,Ghanská republika,20,20 - Nepřijat -- PZ,,ne,232383,Environmental Geosciences,žena
58896,B-BEDS,,Bakalářský,prezenční,18. 01. 2022,,ne,"Aba, Abia State",Nigérijská federativní republika,20,20 - Nepřijat -- PZ,,ne,213258,Environmental Data Science,muž
68864,B-BEDS,,Bakalářský,prezenční,23. 03. 2022,,ne,"Aba, Abia State",Nigérijská federativní republika,20,20 - Nepřijat -- PZ,,ne,230632,Environmental Data Science,muž
59536,N-ENVA,,Magisterský navazující,prezenční,22. 01. 2022,,ne,Lagos,Nigérijská federativní republika,20,20 - Nepřijat -- PZ,,ne,213815,Environmental Modelling,žena
59559,N-LPA,,Magisterský navazující,prezenční,22. 01. 2022,16500,ano,Lagos,Nigérijská federativní republika,10,10 - Přijat,,ne,213867,Landscape Planning,žena
78364,N-LPA,,Magisterský navazující,prezenční,30. 03. 2022,,ne,Akim manso,Ghanská republika,20,20 - Nepřijat -- PZ,,ne,236355,Landscape Planning,muž
52654,N-NCO,,Magisterský navazující,prezenční,10. 10. 2021,16500,ano,DUBAI,Spojené arabské emiráty,10,10 - Přijat,03.10.2022,ano,212079,Nature Conservation,muž
67141,B-BEDS,,Bakalářský,prezenční,22. 03. 2022,,ne,Kramolna (Trubějov),Česká republika,20,20 - Nepřijat -- PZ,,ne,230633,Environmental Data Science,žena
58433,N-NCO,,Magisterský navazující,prezenční,16. 01. 2022,0,ne,Hanoi,Vietnamská socialistická republika,10,10 - Přijat,,ne,213195,Nature Conservation,žena
58731,N-NCO,,Magisterský navazující,prezenční,18. 01. 2022,,ne,Almaty,Republika Kazachstán,20,20 - Nepřijat -- PZ,,ne,213136,Nature Conservation,žena
58730,B-BEE,,Bakalářský,prezenční,18. 01. 2022,,ne,Almaty,Republika Kazachstán,20,20 - Nepřijat -- PZ,,ne,213152,Environmental Engineering,žena
56261,N-ENVA,,Magisterský navazující,prezenční,31. 12. 2021,,ne,"Lagos, Nigeria",Nigérijská federativní republika,20,20 - Nepřijat -- PZ,,ne,211864,Environmental Modelling,muž
60584,N-EGS,,Magisterský navazující,prezenční,13. 03. 2022,20000,ano,"Lagos, Nigeria",Nigérijská federativní republika,10,10 - Přijat,,ne,232384,Environmental Geosciences,muž
51147,B-BEDS,,Bakalářský,prezenční,10. 03. 2022,,ne,"Okota, Lagos State",Nigérijská federativní republika,20,20 - Nepřijat -- PZ,,ne,230634,Environmental Data Science,muž
52933,N-NCO,,Magisterský navazující,prezenční,29. 10. 2021,0,ano,Linz,Rakouská republika,10,10 - Přijat,,ne,211626,Nature Conservation,muž
83033,B-BEE,,Bakalářský,prezenční,04. 04. 2022,,ne,Nigeria,Ostatní,20,20 - Nepřijat -- PZ,,ne,236350,Environmental Engineering,muž
52494,B-BEDS,,Bakalářský,prezenční,01. 10. 2021,,ne,Lagos,Nigérijská federativní republika,20,20 - Nepřijat -- PZ,,ne,210766,Environmental Data Science,muž
57339,B-BEDS,,Bakalářský,prezenční,09. 01. 2022,,ne,Abu Dhabi,Spojené arabské emiráty,20,20 - Nepřijat -- PZ,,ne,213462,Environmental Data Science,žena
46353,B-BEDS,,Bakalářský,prezenční,05. 03. 2022,,ne,Abu Dhabi,Spojené arabské emiráty,20,20 - Nepřijat -- PZ,,ne,230635,Environmental Data Science,žena
83028,N-LPA,,Magisterský navazující,prezenční,04. 04. 2022,,ne,Aba,Nigérijská federativní republika,20,20 - Nepřijat -- PZ,,ne,236356,Landscape Planning,muž
84543,N-EGS,,Magisterský navazující,prezenční,17. 04. 2022,,ne,Praha,Česká republika,20,20 - Nepřijat -- PZ,,ne,237306,Environmental Geosciences,žena
56697,B-BEE,,Bakalářský,prezenční,04. 01. 2022,,ne,"Aboh Mbaise, Imo State",Nigérijská federativní republika,20,20 - Nepřijat -- PZ,,ne,212112,Environmental Engineering,muž
60053,B-BEDS,,Bakalářský,prezenční,24. 01. 2022,10000,ano,Lagos,Nigérijská federativní republika,10,10 - Přijat,,ne,214029,Environmental Data Science,muž
54768,B-BEE,,Bakalářský,prezenční,07. 12. 2021,,ne,Greater Accra,Ghanská republika,20,20 - Nepřijat -- PZ,,ne,212617,Environmental Engineering,muž
42246,B-BEDS,,Bakalářský,prezenční,02. 03. 2022,,ne,Odumasi A/A Central,Ghanská republika,20,20 - Nepřijat -- PZ,,ne,230636,Environmental Data Science,muž
59516,B-BEDS,,Bakalářský,prezenční,22. 01. 2022,10000,ano,Festac Town Lagos,Nigérijská federativní republika,10,10 - Přijat,,ne,213904,Environmental Data Science,muž
23040,N-EGS,,Magisterský navazující,prezenční,24. 02. 2022,20000,ano,Surulere Lagos,Nigérijská federativní republika,10,10 - Přijat,,ne,232385,Environmental Geosciences,žena
52889,N-LPA,,Magisterský navazující,prezenční,27. 10. 2021,,ne,Ibadan,Nigérijská federativní republika,20,20 - Nepřijat -- PZ,,ne,211848,Landscape Planning,muž
58822,N-ENVA,,Magisterský navazující,prezenční,18. 01. 2022,,ne,Sunyani,Ghanská republika,20,20 - Nepřijat -- PZ,,ne,214086,Environmental Modelling,muž
26143,N-LPA,,Magisterský navazující,prezenční,25. 02. 2022,,ne,"Lagos, Nigeria",Nigérijská federativní republika,20,20 - Nepřijat -- PZ,,ne,230604,Landscape Planning,muž
21872,N-LPA,,Magisterský navazující,prezenční,24. 02. 2022,,ne,"Effurun, Nigeria",Nigérijská federativní republika,20,20 - Nepřijat -- PZ,,ne,230605,Landscape Planning,muž
10536,B-BEDS,,Bakalářský,prezenční,21. 02. 2022,,ne,Abule Egba,Nigérijská federativní republika,20,20 - Nepřijat -- PZ,,ne,230637,Environmental Data Science,muž
19617,N-NCO,,Magisterský navazující,prezenční,23. 02. 2022,,ne,Omuo Ekiti,Nigérijská federativní republika,20,20 - Nepřijat -- PZ,,ne,232394,Nature Conservation,muž
54949,N-EGS,,Magisterský navazující,prezenční,10. 12. 2021,,ne,Ibadan,Nigérijská federativní republika,20,20 - Nepřijat -- PZ,,ne,213878,Environmental Geosciences,žena
53088,N-NCO,,Magisterský navazující,prezenční,07. 11. 2021,,ne,"Ibadan, Oyo State",Nigérijská federativní republika,20,20 - Nepřijat -- PZ,,ne,211627,Nature Conservation,muž
62784,N-NCO,,Magisterský navazující,prezenční,16. 03. 2022,16500,ano,"Ibadan, Oyo State",Nigérijská federativní republika,10,10 - Přijat,,ne,237205,Nature Conservation,muž
58854,N-NCO,,Magisterský navazující,prezenční,18. 01. 2022,16500,ano,Brasília - DF,Brazilská federativní republika,10,10 - Přijat,22.09.2022,ano,213196,Nature Conservation,muž
58523,N-EGS,,Magisterský navazující,prezenční,16. 01. 2022,20000,ano,Skopje,Republika Severní Makedonie,10,10 - Přijat,22.09.2022,ano,213117,Environmental Geosciences,muž
59603,B-BEDS,,Bakalářský,prezenční,23. 01. 2022,,ne,"Alagbole, Ojodu Berger Lagos State",Nigérijská federativní republika,20,20 - Nepřijat -- PZ,,ne,213905,Environmental Data Science,muž
55455,B-BEDS,,Bakalářský,prezenční,10. 03. 2022,,ne,"Alagbole Ojodu Berger, Ogun State Nigeria",Nigérijská federativní republika,20,20 - Nepřijat -- PZ,,ne,230638,Environmental Data Science,muž
58321,N-ENVA,,Magisterský navazující,prezenční,15. 01. 2022,,ne,Abuja,Nigérijská federativní republika,20,20 - Nepřijat -- PZ,,ne,213816,Environmental Modelling,muž
73870,B-BEE,,Bakalářský,prezenční,28. 03. 2022,,ne,Akure,Nigérijská federativní republika,20,20 - Nepřijat -- PZ,,ne,237074,Environmental Engineering,muž
72696,B-BEE,,Bakalářský,prezenční,27. 03. 2022,,ne,Okitipupa Ondo State,Nigérijská federativní republika,20,20 - Nepřijat -- PZ,,ne,237326,Environmental Engineering,muž
64507,N-NCO,,Magisterský navazující,prezenční,18. 03. 2022,16500,ano,Praha,Česká republika,10,10 - Přijat,26.09.2022,ano,232395,Nature Conservation,muž
56983,N-NCO,,Magisterský navazující,prezenční,06. 01. 2022,16500,ano,Praha,Česká republika,10,10 - Přijat,,ne,214015,Nature Conservation,muž
58185,N-LPA,,Magisterský navazující,prezenční,14. 01. 2022,16500,ano,Lagos,Nigérijská federativní republika,10,10 - Přijat,,ne,213425,Landscape Planning,muž
58069,N-EGS,,Magisterský navazující,prezenční,13. 01. 2022,20000,ano,"LAGOS, NIGERIA",Nigérijská federativní republika,10,10 - Přijat,17.10.2022,ano,213840,Environmental Geosciences,muž
59311,B-BEDS,,Bakalářský,prezenční,21. 01. 2022,,ne,emene,Nigérijská federativní republika,20,20 - Nepřijat -- PZ,,ne,214030,Environmental Data Science,muž
10661,N-EGS,,Magisterský navazující,prezenční,21. 02. 2022,,ne,Lagos Nigeria,Nigérijská federativní republika,20,20 - Nepřijat -- PZ,,ne,232386,Environmental Geosciences,muž
54596,B-BEE,,Bakalářský,prezenční,04. 12. 2021,,ne,"Okota, Lagos",Nigérijská federativní republika,20,20 - Nepřijat -- PZ,,ne,211829,Environmental Engineering,muž
52482,N-ENVA,,Magisterský navazující,prezenční,01. 10. 2021,,ne,Kumasi,Ghanská republika,20,20 - Nepřijat -- PZ,,ne,211479,Environmental Modelling,muž
81113,N-EGS,,Magisterský navazující,prezenční,31. 03. 2022,0,ano,Abuja,Nigérijská federativní republika,10,10 - Přijat,,ne,236306,Environmental Geosciences,muž
83933,N-ENVA,,Magisterský navazující,prezenční,10. 04. 2022,,ne,"Makurdi, Benue State",Nigérijská federativní republika,20,20 - Nepřijat -- PZ,,ne,237104,Environmental Modelling,žena
56209,B-BEE,,Bakalářský,prezenční,30. 12. 2021,,ne,"San Juan Opico, La Libertad",Ostatní,20,20 - Nepřijat -- PZ,,ne,211830,Environmental Engineering,muž
83475,B-BEDS,,Bakalářský,prezenční,07. 04. 2022,0,ano,Kharkov,Ukrajina,10,10 - Přijat,26.10.2022,ano,237095,Environmental Data Science,muž
56931,N-EGS,,Magisterský navazující,prezenční,06. 01. 2022,,ne,"ACCRA, GHANA",Ghanská republika,20,20 - Nepřijat -- PZ,,ne,213841,Environmental Geosciences,muž
83060,N-EGS,,Magisterský navazující,prezenční,04. 04. 2022,,ne,"Osimo, Ancona",Italská republika,20,20 - Nepřijat -- PZ,,ne,237117,Environmental Geosciences,muž
83700,N-ENVA,,Magisterský navazující,prezenční,09. 04. 2022,,ne,Kumasi Ghana,Ghanská republika,20,20 - Nepřijat -- PZ,,ne,237105,Environmental Modelling,muž
83133,N-LPA,,Magisterský navazující,prezenční,05. 04. 2022,,ne,Praha,Česká republika,20,20 - Nepřijat -- PZ,,ne,237101,Landscape Planning,žena
58970,B-BEDS,,Bakalářský,prezenční,19. 01. 2022,10000,ano,Belgrade,Srbská republika,10,10 - Přijat,21.09.2022,ano,213259,Environmental Data Science,muž
59404,B-BEDS,,Bakalářský,prezenční,21. 01. 2022,,ne,INEZGANE,Marocké království,20,20 - Nepřijat -- PZ,,ne,213463,Environmental Data Science,muž
54600,B-BEE,,Bakalářský,prezenční,04. 12. 2021,,ne,"Wamfie, Bono Region",Ghanská republika,20,20 - Nepřijat -- PZ,,ne,211831,Environmental Engineering,muž
52793,B-BEDS,,Bakalářský,prezenční,20. 10. 2021,,ne,Lagos,Nigérijská federativní republika,20,20 - Nepřijat -- PZ,,ne,210767,Environmental Data Science,muž
63763,B-BEDS,,Bakalářský,prezenční,17. 03. 2022,10000,ano,Lagos,Nigérijská federativní republika,10,10 - Přijat,,ne,237327,Environmental Data Science,muž
57730,N-LPA,,Magisterský navazující,prezenční,11. 01. 2022,16500,ano,Zaferaniyeh,Íránská islámská republika,10,10 - Přijat,,ne,212624,Landscape Planning,muž
55768,B-BEE,,Bakalářský,prezenční,22. 12. 2021,,ne,"Ahmedabad,Gujarat",Indická republika,20,20 - Nepřijat -- PZ,,ne,211832,Environmental Engineering,muž
59272,B-BEDS,,Bakalářský,prezenční,21. 01. 2022,,ne,Praha (Žižkov),Česká republika,20,20 - Nepřijat -- PZ,,ne,213960,Environmental Data Science,žena
59126,B-BEDS,,Bakalářský,prezenční,20. 01. 2022,10000,ano,Ostrá (Šnepov),Česká republika,10,10 - Přijat,21.09.2022,ano,213437,Environmental Data Science,muž
56888,B-BEDS,,Bakalářský,prezenční,11. 03. 2022,,ne,Praha,Česká republika,20,20 - Nepřijat -- PZ,,ne,230639,Environmental Data Science,muž
53376,B-BEDS,,Bakalářský,prezenční,15. 11. 2021,,ne,Moscow,Ruská federace,20,20 - Nepřijat -- PZ,,ne,214158,Environmental Data Science,žena
74043,N-ENVA,,Magisterský navazující,prezenční,28. 03. 2022,0,ne,Brno,Česká republika,10,10 - Přijat,,ne,237298,Environmental Modelling,žena
52480,B-BEDS,,Bakalářský,prezenční,01. 10. 2021,,ne,Wamfie,Ghanská republika,20,20 - Nepřijat -- PZ,,ne,210768,Environmental Data Science,žena
57515,N-LPA,,Magisterský navazující,prezenční,10. 01. 2022,,ne,belgorod,Ruská federace,20,20 - Nepřijat -- PZ,,ne,212625,Landscape Planning,muž
57684,N-EGS,,Magisterský navazující,prezenční,11. 01. 2022,,ne,belgorod,Ruská federace,20,20 - Nepřijat -- PZ,,ne,212675,Environmental Geosciences,muž
24513,N-EGS,,Magisterský navazující,prezenční,25. 02. 2022,,ne,belgorod,Ruská federace,20,20 - Nepřijat -- PZ,,ne,236307,Environmental Geosciences,muž
24535,N-LPA,,Magisterský navazující,prezenční,25. 02. 2022,,ne,belgorod,Ruská federace,20,20 - Nepřijat -- PZ,,ne,236357,Landscape Planning,muž
77620,N-LPA,,Magisterský navazující,prezenční,30. 03. 2022,,ne,palakkad,Indická republika,20,20 - Nepřijat -- PZ,,ne,236358,Landscape Planning,žena
53246,N-NCO,,Magisterský navazující,prezenční,13. 11. 2021,,ne,Bor,Česká republika,20,20 - Nepřijat -- PZ,,ne,211628,Nature Conservation,žena
53247,N-ENVA,,Magisterský navazující,prezenční,13. 11. 2021,16500,ano,Bor,Česká republika,10,10 - Přijat,22.09.2022,ano,211865,Environmental Modelling,žena
54710,B-BEE,,Bakalářský,prezenční,06. 12. 2021,10000,ano,Tehran,Íránská islámská republika,10,10 - Přijat,17.10.2022,ano,211833,Environmental Engineering,žena
56374,N-LPA,,Magisterský navazující,prezenční,02. 01. 2022,0,ne,Fouman,Íránská islámská republika,10,10 - Přijat,,ne,211849,Landscape Planning,muž
46626,B-BEE,,Bakalářský,prezenční,05. 03. 2022,,ne,Ajman,Spojené arabské emiráty,20,20 - Nepřijat -- PZ,,ne,237328,Environmental Engineering,muž
55543,N-ENVA,,Magisterský navazující,prezenční,19. 12. 2021,,ne,"Ibadan, Oyo State",Nigérijská federativní republika,20,20 - Nepřijat -- PZ,,ne,211866,Environmental Modelling,muž
47306,B-BEE,,Bakalářský,prezenční,05. 03. 2022,10000,ano,Banja Luka,Bosna a Hercegovina,10,10 - Přijat,22.09.2022,ano,230640,Environmental Engineering,žena
58507,N-ENVA,,Magisterský navazující,prezenční,16. 01. 2022,,ne,Ibadan,Nigérijská federativní republika,20,20 - Nepřijat -- PZ,,ne,213103,Environmental Modelling,muž
60471,N-ENVA,,Magisterský navazující,prezenční,13. 03. 2022,16500,ano,Ibadan,Nigérijská federativní republika,10,10 - Přijat,,ne,236311,Environmental Modelling,muž
84358,N-NCO,,Magisterský navazující,prezenční,15. 04. 2022,0,ne,Ibadan,Nigérijská federativní republika,10,10 - Přijat,,ne,237206,Nature Conservation,muž
58702,N-ENVA,,Magisterský navazující,prezenční,17. 01. 2022,,ne,Mashhad,Íránská islámská republika,20,20 - Nepřijat -- PZ,,ne,213817,Environmental Modelling,žena
57431,N-LPA,,Magisterský navazující,prezenční,09. 01. 2022,,ne,Mashhad,Íránská islámská republika,20,20 - Nepřijat -- PZ,,ne,213868,Landscape Planning,žena
82752,N-LPA,,Magisterský navazující,prezenční,01. 04. 2022,,ne,Mashhad,Íránská islámská republika,20,20 - Nepřijat -- PZ,,ne,237102,Landscape Planning,žena
58334,N-EGS,,Magisterský navazující,prezenční,15. 01. 2022,,ne,Shiraz,Íránská islámská republika,20,20 - Nepřijat -- PZ,,ne,213842,Environmental Geosciences,muž
59156,B-BEDS,,Bakalářský,prezenční,20. 01. 2022,10000,ano,Praha (Nové Město),Česká republika,10,10 - Přijat,,ne,213438,Environmental Data Science,žena
57800,N-EGS,,Magisterský navazující,prezenční,11. 01. 2022,,ne,Solapur,Indická republika,20,20 - Nepřijat -- PZ,,ne,213118,Environmental Geosciences,muž
60433,N-EGS,,Magisterský navazující,prezenční,13. 03. 2022,,ne,Solapur,Indická republika,20,20 - Nepřijat -- PZ,,ne,232387,Environmental Geosciences,muž
51724,B-BEE,,Bakalářský,prezenční,09. 03. 2022,,ne,Tashkent,Republika Uzbekistán,20,20 - Nepřijat -- PZ,,ne,230641,Environmental Engineering,žena
84353,B-BEE,,Bakalářský,prezenční,15. 04. 2022,,ne,sharjah,Spojené arabské emiráty,20,20 - Nepřijat -- PZ,,ne,237329,Environmental Engineering,žena
52531,B-BEE,,Bakalářský,prezenční,03. 10. 2021,10000,ano,Peoria,Spojené státy americké,10,10 - Přijat,22.09.2022,ano,211834,Environmental Engineering,žena
61358,N-ENVA,,Magisterský navazující,prezenční,15. 03. 2022,16500,ano,Ologolo,Nigérijská federativní republika,10,10 - Přijat,,ne,236312,Environmental Modelling,muž
38449,B-BEE,,Bakalářský,prezenční,01. 03. 2022,,ne,Lahore,Pákistánská islámská republika,20,20 - Nepřijat -- PZ,,ne,237330,Environmental Engineering,muž
73312,B-BEDS,,Bakalářský,prezenční,27. 03. 2022,,ne,Ostrava (Poruba),Česká republika,20,20 - Nepřijat -- PZ,,ne,237331,Environmental Data Science,muž
52736,N-EGS,,Magisterský navazující,prezenční,15. 10. 2021,,ne,"National center of excellence in Physical Chemistry, University of Peshawar, Pakistan",Pákistánská islámská republika,20,20 - Nepřijat -- PZ,,ne,211493,Environmental Geosciences,muž
71266,N-EGS,,Magisterský navazující,prezenční,25. 03. 2022,,ne,"National center of excellence in Physical Chemistry, University of Peshawar, Pakistan",Pákistánská islámská republika,20,20 - Nepřijat -- PZ,,ne,236308,Environmental Geosciences,muž
83175,B-BEE,,Bakalářský,prezenční,05. 04. 2022,0,ne,Praha,Česká republika,10,10 - Přijat,,ne,236351,Environmental Engineering,žena
57482,N-NCO,,Magisterský navazující,prezenční,10. 01. 2022,16500,ano,Quito,Ekvádorská republika,10,10 - Přijat,,ne,213137,Nature Conservation,žena
52699,B-BEE,,Bakalářský,prezenční,12. 10. 2021,10000,ano,Quito- La Primavera,Ekvádorská republika,10,10 - Přijat,,ne,212618,Environmental Engineering,žena
73975,B-BEDS,,Bakalářský,prezenční,28. 03. 2022,,ne,"GANDHINAGAR,GUJARAT",Indická republika,20,20 - Nepřijat -- PZ,,ne,237332,Environmental Data Science,muž
73898,B-BEDS,,Bakalářský,prezenční,28. 03. 2022,,ne,CHITTAGONG,Bangladéšská lidová republika,20,20 - Nepřijat -- PZ,,ne,237333,Environmental Data Science,muž
54037,B-BEE,,Bakalářský,prezenční,26. 11. 2021,0,ano,Ternopil,Ukrajina,10,10 - Přijat,,ne,212113,Environmental Engineering,muž
92429,B-BEE,,Bakalářský,prezenční,30. 06. 2022,0,ne,Kharkov,Ukrajina,10,10 - Přijat,,ne,242359,Environmental Engineering,muž
59771,N-ENVA,,Magisterský navazující,prezenční,23. 01. 2022,,ne,Baku,Ázerbájdžánská republika,20,20 - Nepřijat -- PZ,,ne,213818,Environmental Modelling,muž
72329,N-ENVA,,Magisterský navazující,prezenční,26. 03. 2022,,ne,Baku,Ázerbájdžánská republika,20,20 - Nepřijat -- PZ,,ne,237106,Environmental Modelling,muž
52738,B-BEE,,Bakalářský,prezenční,15. 10. 2021,0,ano,Praha (Dejvice),Česká republika,10,10 - Přijat,,ne,211835,Environmental Engineering,muž
74262,B-BEE,,Bakalářský,prezenční,28. 03. 2022,,ne,Praha,Česká republika,20,20 - Nepřijat -- PZ,,ne,230642,Environmental Engineering,muž
59580,N-LPA,,Magisterský navazující,prezenční,22. 01. 2022,16500,ano,Chlef,Alžírská lidová demokratická republika,10,10 - Přijat,,ne,214019,Landscape Planning,žena
54995,B-BEDS,,Bakalářský,prezenční,11. 12. 2021,,ne,Kalibata,Indonéská republika,20,20 - Nepřijat -- PZ,,ne,212619,Environmental Data Science,žena
55705,N-NCO,,Magisterský navazující,prezenční,21. 12. 2021,,ne,Ebolowa,Kamerunská republika,20,20 - Nepřijat -- PZ,,ne,212080,Nature Conservation,muž
84516,B-BEE,,Bakalářský,prezenční,17. 04. 2022,0,ne,"North Okkalapa, Yangon",Myanmarský svaz,10,10 - Přijat,,ne,237334,Environmental Engineering,muž
68699,B-BEE,,Bakalářský,prezenční,23. 03. 2022,,ne,Praha,Česká republika,20,20 - Nepřijat -- PZ,,ne,236352,Environmental Engineering,muž
57366,N-EGS,,Magisterský navazující,prezenční,09. 01. 2022,,ne,Moscow,Ruská federace,20,20 - Nepřijat -- PZ,,ne,213843,Environmental Geosciences,muž
53132,B-BEDS,,Bakalářský,prezenční,10. 11. 2021,10000,ano,Naucalpan de Juarez,Spojené státy mexické,10,10 - Přijat,21.09.2022,ano,210769,Environmental Data Science,muž
57067,B-BEE,,Bakalářský,prezenční,07. 01. 2022,10000,ano,Port Coquitlam,Kanada,10,10 - Přijat,21.09.2022,ano,213153,Environmental Engineering,muž
55348,B-BEE,,Bakalářský,prezenční,15. 12. 2021,,ne,Kushtia,Bangladéšská lidová republika,20,20 - Nepřijat -- PZ,,ne,211836,Environmental Engineering,muž
84574,B-BEDS,,Bakalářský,prezenční,17. 04. 2022,,ne,Praha,Česká republika,20,20 - Nepřijat -- PZ,,ne,237335,Environmental Data Science,muž
62129,N-LPA,,Magisterský navazující,prezenční,15. 03. 2022,,ne,Dakar,Senegalská republika,20,20 - Nepřijat -- PZ,,ne,237280,Landscape Planning,muž
58734,N-LPA,,Magisterský navazující,prezenční,18. 01. 2022,,ne,"Tariq Block Garden Town Lahore, Pakistan",Ostatní,20,20 - Nepřijat -- PZ,,ne,214020,Landscape Planning,žena
54997,B-BEE,,Bakalářský,prezenční,11. 12. 2021,,ne,"Bldg no M11, Flat no 103, Sharjah, UAE",Spojené arabské emiráty,20,20 - Nepřijat -- PZ,,ne,211837,Environmental Engineering,muž
84335,B-BEE,,Bakalářský,prezenční,15. 04. 2022,10000,ano,Praha,Česká republika,10,10 - Přijat,19.10.2022,ano,237336,Environmental Engineering,žena
59604,N-NCO,,Magisterský navazující,prezenční,23. 01. 2022,16500,ano,"Kangra, Himachal pradesh",Indická republika,10,10 - Přijat,22.09.2022,ano,213800,Nature Conservation,žena
57295,B-BEE,,Bakalářský,prezenční,08. 01. 2022,10000,ano,"South Badda , Badda , Dhaka",Bangladéšská lidová republika,10,10 - Přijat,,ne,213154,Environmental Engineering,muž
80103,N-LPA,,Magisterský navazující,prezenční,31. 03. 2022,,ne,Shiraz,Íránská islámská republika,20,20 - Nepřijat -- PZ,,ne,237103,Landscape Planning,muž
80617,B-BEDS,,Bakalářský,prezenční,31. 03. 2022,,ne,Praha,Česká republika,20,20 - Nepřijat -- PZ,,ne,238511,Environmental Data Science,žena
53080,B-BEE,,Bakalářský,prezenční,07. 11. 2021,0,ano,Kharkiv,Ukrajina,10,10 - Přijat,31.08.2022,ano,213464,Environmental Engineering,žena
59248,B-BEDS,,Bakalářský,prezenční,21. 01. 2022,0,ne,"Boalia, Rajshahi",Bangladéšská lidová republika,10,10 - Přijat,,ne,214031,Environmental Data Science,muž
85521,B-BEDS,,Bakalářský,prezenční,26. 04. 2022,0,ne,Kharkiv,Ukrajina,10,10 - Přijat,30.06.2022,ano,238936,Environmental Data Science,muž
59361,N-LPA,,Magisterský navazující,prezenční,21. 01. 2022,0,ne,Faber Virginia,Spojené státy americké,10,10 - Přijat,,ne,213869,Landscape Planning,muž
51806,B-BEDS,,Bakalářský,prezenční,09. 03. 2022,10000,ano,Sri Vijaynagar Sri Ganganagar,Indická republika,10,10 - Přijat,,ne,230643,Environmental Data Science,muž
58945,B-BEE,,Bakalářský,prezenční,19. 01. 2022,,ne,Tarn taran,Indická republika,20,20 - Nepřijat -- PZ,,ne,213439,Environmental Engineering,muž
56652,B-BEE,,Bakalářský,prezenční,04. 01. 2022,,ne,Patiala,Indická republika,20,20 - Nepřijat -- PZ,,ne,213175,Environmental Engineering,muž
54471,B-BEDS,,Bakalářský,prezenční,02. 12. 2021,0,ano,"DELHI, INDIA",Indická republika,10,10 - Přijat,,ne,214032,Environmental Data Science,muž
58106,B-BEDS,,Bakalářský,prezenční,13. 01. 2022,10000,ano,Nehvizdy,Česká republika,10,10 - Přijat,21.09.2022,ano,213440,Environmental Data Science,žena
52501,B-BEE,,Bakalářský,prezenční,02. 10. 2021,,ne,Hlaing Thar Yar Township,Myanmarský svaz,20,20 - Nepřijat -- PZ,,ne,211838,Environmental Engineering,muž
83253,B-BEE,,Bakalářský,prezenční,06. 04. 2022,,ne,Atwima Koforidua,Ghanská republika,20,20 - Nepřijat -- PZ,,ne,237096,Environmental Engineering,muž
55536,B-BEE,,Bakalářský,prezenční,19. 12. 2021,,ne,Kursk,Ruská federace,20,20 - Nepřijat -- PZ,,ne,211839,Environmental Engineering,žena
55539,B-BEDS,,Bakalářský,prezenční,19. 12. 2021,,ne,Kursk,Ruská federace,20,20 - Nepřijat -- PZ,,ne,211840,Environmental Data Science,žena
84112,B-BEE,,Bakalářský,prezenční,12. 04. 2022,0,ano,Praha,Česká republika,10,10 - Přijat,21.09.2022,ano,237337,Environmental Engineering,žena
84117,B-BEDS,,Bakalářský,prezenční,12. 04. 2022,0,ano,Praha,Česká republika,10,10 - Přijat,,ne,237338,Environmental Data Science,žena
54958,N-ENVA,,Magisterský navazující,prezenční,10. 12. 2021,,ne,Biskra,Alžírská lidová demokratická republika,20,20 - Nepřijat -- PZ,,ne,211480,Environmental Modelling,žena
56763,B-BEDS,,Bakalářský,prezenční,05. 01. 2022,,ne,Biskra,Alžírská lidová demokratická republika,20,20 - Nepřijat -- PZ,,ne,212620,Environmental Data Science,žena
84092,B-BEDS,,Bakalářský,prezenční,12. 04. 2022,10000,ano,Shoreline,Spojené státy americké,10,10 - Přijat,26.09.2022,ano,237339,Environmental Data Science,žena
59173,B-BEDS,,Bakalářský,prezenční,20. 01. 2022,,ne,Moskva,Ruská federace,20,20 - Nepřijat -- PZ,,ne,213441,Environmental Data Science,muž
55966,N-EGS,,Magisterský navazující,prezenční,27. 12. 2021,,ne,Multan,Pákistánská islámská republika,20,20 - Nepřijat -- PZ,,ne,212532,Environmental Geosciences,muž
53265,N-ENVA,,Magisterský navazující,prezenční,13. 11. 2021,,ne,Praha,Česká republika,20,20 - Nepřijat -- PZ,,ne,213879,Environmental Modelling,muž
60131,B-BEDS,,Bakalářský,prezenční,24. 01. 2022,,ne,Milín,Česká republika,20,20 - Nepřijat -- PZ,,ne,214033,Environmental Data Science,žena
55216,N-ENVA,,Magisterský navazující,prezenční,14. 12. 2021,,ne,Sialkot,Pákistánská islámská republika,20,20 - Nepřijat -- PZ,,ne,211481,Environmental Modelling,muž
55249,N-LPA,,Magisterský navazující,prezenční,14. 12. 2021,,ne,Sialkot,Pákistánská islámská republika,20,20 - Nepřijat -- PZ,,ne,211850,Landscape Planning,muž
84528,N-LPA,,Magisterský navazující,prezenční,17. 04. 2022,,ne,Sialkot,Pákistánská islámská republika,20,20 - Nepřijat -- PZ,,ne,237281,Landscape Planning,muž
84292,N-ENVA,,Magisterský navazující,prezenční,14. 04. 2022,,ne,Sialkot,Pákistánská islámská republika,20,20 - Nepřijat -- PZ,,ne,237299,Environmental Modelling,muž
52786,B-BEDS,,Bakalářský,prezenční,20. 10. 2021,,ne,Kosofe,Ostatní,20,20 - Nepřijat -- PZ,,ne,210770,Environmental Data Science,muž
52535,N-ENVA,,Magisterský navazující,prezenční,03. 10. 2021,,ne,Kosofe,Ostatní,20,20 - Nepřijat -- PZ,,ne,211482,Environmental Modelling,muž
71942,N-ENVA,,Magisterský navazující,prezenční,26. 03. 2022,,ne,Niederdollendorf,Spolková republika Německo,20,20 - Nepřijat -- PZ,,ne,236313,Environmental Modelling,žena
53355,B-BEDS,,Bakalářský,prezenční,15. 11. 2021,,ne,Barnaul,Ruská federace,20,20 - Nepřijat -- PZ,,ne,210771,Environmental Data Science,muž
14224,B-BEDS,,Bakalářský,prezenční,22. 02. 2022,,ne,Kumasi,Ghanská republika,20,20 - Nepřijat -- PZ,,ne,230645,Environmental Data Science,muž
59091,N-NCO,,Magisterský navazující,prezenční,20. 01. 2022,,ne,Praha,Česká republika,20,20 - Nepřijat -- PZ,,ne,214085,Nature Conservation,žena
84554,N-ENVA,,Magisterský navazující,prezenční,17. 04. 2022,,ne,"Madurai, Tamil Nadu",Indická republika,20,20 - Nepřijat -- PZ,,ne,237300,Environmental Modelling,muž
85522,B-BEDS,,Bakalářský,prezenční,02. 05. 2022,0,ne,Lviv,Ukrajina,10,10 - Přijat,30.06.2022,ano,238937,Environmental Data Science,muž
66601,B-BEE,,Bakalářský,prezenční,21. 03. 2022,,ne,Biškěk,Republika Kyrgyzstán,20,20 - Nepřijat -- PZ,,ne,230646,Environmental Engineering,žena
59936,N-ENVA,,Magisterský navazující,prezenční,23. 01. 2022,0,ne,Praha,Česká republika,10,10 - Přijat,,ne,213880,Environmental Modelling,muž
14124,N-NCO,,Magisterský navazující,prezenční,22. 02. 2022,,ne,Praha (Suchdol),Česká republika,20,20 - Nepřijat -- PZ,,ne,232396,Nature Conservation,muž
84054,B-BEE,,Bakalářský,prezenční,11. 04. 2022,,ne,Abidjan,Republika Pobřeží slonoviny,20,20 - Nepřijat -- PZ,,ne,237340,Environmental Engineering,muž
53935,B-BEDS,,Bakalářský,prezenční,24. 11. 2021,10000,ano,Narva,Estonská republika,10,10 - Přijat,29.09.2022,ano,213961,Environmental Data Science,žena
55219,N-ENVA,,Magisterský navazující,prezenční,14. 12. 2021,,ne,Bishoftu,Etiopská federativní demokratická republika,20,20 - Nepřijat -- PZ,,ne,211483,Environmental Modelling,muž
27491,N-ENVA,,Magisterský navazující,prezenční,26. 02. 2022,,ne,Bishoftu,Etiopská federativní demokratická republika,20,20 - Nepřijat -- PZ,,ne,236314,Environmental Modelling,muž
56020,B-BEE,,Bakalářský,prezenční,27. 12. 2021,,ne,isparta center,Turecká republika,20,20 - Nepřijat -- PZ,,ne,212621,Environmental Engineering,muž
84272,B-BEE,,Bakalářský,prezenční,14. 04. 2022,,ne,Pavlodar,Republika Kazachstán,20,20 - Nepřijat -- PZ,,ne,237341,Environmental Engineering,žena
16310,N-LPA,,Magisterský navazující,prezenční,23. 02. 2022,,ne,Owerri,Nigérijská federativní republika,20,20 - Nepřijat -- PZ,,ne,230606,Landscape Planning,žena
84250,B-BEE,,Bakalářský,prezenční,14. 04. 2022,,ne,Oyigbo,Nigérijská federativní republika,20,20 - Nepřijat -- PZ,,ne,237342,Environmental Engineering,muž
52665,B-BEE,,Bakalářský,prezenční,11. 10. 2021,10000,ano,Nur - Sultan,Republika Kazachstán,10,10 - Přijat,18.10.2022,ano,210772,Environmental Engineering,žena
76151,B-BEE,,Bakalářský,prezenční,29. 03. 2022,,ne,Bologna,Italská republika,20,20 - Nepřijat -- PZ,,ne,230647,Environmental Engineering,muž
52532,N-NCO,,Magisterský navazující,prezenční,03. 10. 2021,16500,ano,Abeokuta,Nigérijská federativní republika,10,10 - Přijat,,ne,211629,Nature Conservation,muž
52614,N-EGS,,Magisterský navazující,prezenční,07. 10. 2021,,ne,Enugu,Nigérijská federativní republika,20,20 - Nepřijat -- PZ,,ne,211494,Environmental Geosciences,muž
84203,B-BEE,,Bakalářský,prezenční,13. 04. 2022,,ne,"Calabar, Cross River state",Nigérijská federativní republika,20,20 - Nepřijat -- PZ,,ne,237343,Environmental Engineering,žena
74020,B-BEDS,,Bakalářský,prezenční,28. 03. 2022,,ne,Praha,Česká republika,20,20 - Nepřijat -- PZ,,ne,230648,Environmental Data Science,žena
59101,N-NCO,,Magisterský navazující,prezenční,20. 01. 2022,,ne,"nigeria , edo state, benin city.",Ostatní,20,20 - Nepřijat -- PZ,,ne,213801,Nature Conservation,muž
84119,B-BEDS,,Bakalářský,prezenční,12. 04. 2022,,ne,owerri imo state,Nigérijská federativní republika,20,20 - Nepřijat -- PZ,,ne,237097,Environmental Data Science,muž
55232,B-BEE,,Bakalářský,prezenční,14. 12. 2021,,ne,Al Ain,Spojené arabské emiráty,20,20 - Nepřijat -- PZ,,ne,211841,Environmental Engineering,žena
62795,B-BEDS,,Bakalářský,prezenční,16. 03. 2022,10000,ano,Al Ain,Spojené arabské emiráty,10,10 - Přijat,,ne,230649,Environmental Data Science,žena
60109,N-LPA,,Magisterský navazující,prezenční,24. 01. 2022,,ne,Székesfehérvár,Maďarsko,20,20 - Nepřijat -- PZ,,ne,214021,Landscape Planning,žena
71216,N-LPA,,Magisterský navazující,prezenční,25. 03. 2022,,ne,palakkad,Indická republika,20,20 - Nepřijat -- PZ,,ne,230607,Landscape Planning,žena
52492,N-LPA,,Magisterský navazující,prezenční,01. 10. 2021,0,ano,Iztapalapa,Spojené státy mexické,10,10 - Přijat,,ne,211851,Landscape Planning,žena
55148,N-EGS,,Magisterský navazující,prezenční,13. 12. 2021,,ne,Douala,Kamerunská republika,20,20 - Nepřijat -- PZ,,ne,213423,Environmental Geosciences,žena
63197,N-EGS,,Magisterský navazující,prezenční,16. 03. 2022,,ne,Douala,Kamerunská republika,20,20 - Nepřijat -- PZ,,ne,232388,Environmental Geosciences,žena
58545,N-LPA,,Magisterský navazující,prezenční,16. 01. 2022,,ne,"Maujpur, Delhi, India",Indická republika,20,20 - Nepřijat -- PZ,,ne,213141,Landscape Planning,muž
53094,N-ENVA,,Magisterský navazující,prezenční,08. 11. 2021,,ne,Hisar,Indická republika,20,20 - Nepřijat -- PZ,,ne,211484,Environmental Modelling,muž
82853,N-ENVA,,Magisterský navazující,prezenční,02. 04. 2022,,ne,Praha,Česká republika,20,20 - Nepřijat -- PZ,,ne,236315,Environmental Modelling,žena
84361,B-BEE,,Bakalářský,prezenční,15. 04. 2022,,ne,Kumba - Cameroon,Kamerunská republika,20,20 - Nepřijat -- PZ,,ne,237344,Environmental Engineering,muž
54620,N-EGS,,Magisterský navazující,prezenční,05. 12. 2021,0,ano,BELLO,Kolumbijská republika,10,10 - Přijat,,ne,211495,Environmental Geosciences,muž
73223,B-BEDS,,Bakalářský,prezenční,27. 03. 2022,0,ano,Dnipro,Ukrajina,10,10 - Přijat,26.10.2022,ano,230650,Environmental Data Science,muž
86058,B-BEE,,Bakalářský,prezenční,10. 05. 2022,0,ne,Kyjev,Ukrajina,10,10 - Přijat,27.09.2022,ano,239195,Environmental Engineering,žena
52947,B-BEE,,Bakalářský,prezenční,01. 11. 2021,,ne,Nay Pyi Taw,Myanmarský svaz,20,20 - Nepřijat -- PZ,,ne,210773,Environmental Engineering,muž
56648,N-NCO,,Magisterský navazující,prezenční,04. 01. 2022,,ne,Accra,Ghanská republika,20,20 - Nepřijat -- PZ,,ne,213802,Nature Conservation,muž
53262,B-BEE,,Bakalářský,prezenční,13. 11. 2021,,ne,Nanjing-Jiangsu,Čínská lidová republika,20,20 - Nepřijat -- PZ,,ne,210774,Environmental Engineering,muž
57575,B-BEE,,Bakalářský,prezenční,10. 01. 2022,10000,ano,Abuja,Nigérijská federativní republika,10,10 - Přijat,,ne,213176,Environmental Engineering,muž
95450,B-BEE,,Bakalářský,prezenční,14. 09. 2022,0,ne,Kladno,Česká republika,10,10 - Přijat,31.10.2022,ano,245257,Environmental Engineering,žena
83173,B-BEDS,,Bakalářský,prezenční,05. 04. 2022,,ne,KIGALI,Rwandská republika,20,20 - Nepřijat -- PZ,,ne,237098,Environmental Data Science,muž
56066,N-LPA,,Magisterský navazující,prezenční,28. 12. 2021,16500,ano,shiraz,Íránská islámská republika,10,10 - Přijat,,ne,213426,Landscape Planning,muž
57302,B-BEE,,Bakalářský,prezenční,08. 01. 2022,10000,ano,"Luleburgaz, Kirklareli",Turecká republika,10,10 - Přijat,21.09.2022,ano,213465,Environmental Engineering,muž
81028,B-BEE,,Bakalářský,prezenční,31. 03. 2022,,ne,Kokshetau,Republika Kazachstán,20,20 - Nepřijat -- PZ,,ne,237345,Environmental Engineering,muž
