Spec. symbol,Program zkratka,Obor zkratka,Typ studia,Forma,Datum a čas zal. přihl.,Datum podání,Spr. poplatek - vypočteno,Spr. poplatek - zaplaceno,Zaplaceno,Datum úhrady,Dadtum zkompl. Zaplaceno,Datum zkompl. Adresy,Kompl. adresy,Datum zkompl. Os. údaje,Kompl. přihlášky,Datum zkompl. celé přihl.,Kompl. údajů přihl.,Datum zkompl. Údaje o přihl.,KA - obec,KA - stát
54944,N-EGS,,Magisterský navazující,prezenční,10. 12. 2021 10:23,10.12.2021,750,750,ano,19.12.2021,19. 12. 2021 21:59:42,10. 12. 2021 12:09:06,ano,10. 12. 2021 12:06:00,ano,19. 12. 2021 21:59:42,ano,10. 12. 2021 10:26:18,lagos,Ostatní
54649,N-LPA,,Magisterský navazující,prezenční,05. 12. 2021 19:57,06.12.2021,750,750,ano,06.12.2021,06. 12. 2021 21:54:33,06. 12. 2021 18:39:23,ano,06. 12. 2021 18:33:04,ano,06. 12. 2021 21:54:33,ano,05. 12. 2021 19:58:50,"Rouiba , Algiers, Algeria",Alžírská lidová demokratická republika
52519,B-BEE,,Bakalářský,prezenční,03. 10. 2021 12:20,,750,0,ne,,,03. 10. 2021 12:50:11,ano,,ne,,ano,03. 10. 2021 12:25:13,Durbawa Kware sokoto Nigeria,Nigérijská federativní republika
52785,N-EGS,,Magisterský navazující,prezenční,19. 10. 2021 20:49,,750,0,ne,,,,ne,,ne,,ano,19. 10. 2021 20:52:13,,
53792,N-ENVA,,Magisterský navazující,prezenční,22. 11. 2021 12:40,22.11.2021,750,0,ne,,,22. 11. 2021 12:36:22,ano,22. 11. 2021 12:40:38,ne,,ano,22. 11. 2021 12:40:38,"Salehpat, Sukkur",Pákistánská islámská republika
52848,N-ENVA,,Magisterský navazující,prezenční,23. 10. 2021 04:01,16.12.2021,750,750,ano,17.12.2021,04. 01. 2022 03:01:35,07. 11. 2021 17:44:40,ano,07. 11. 2021 17:37:06,ano,04. 01. 2022 03:01:36,ano,24. 10. 2021 22:19:41,erbil,Irácká republika
56425,N-ENVA,,Magisterský navazující,prezenční,02. 01. 2022 23:24,03.01.2022,750,0,ne,,,03. 01. 2022 00:18:08,ano,03. 01. 2022 00:04:00,ne,,ano,02. 01. 2022 23:32:04,Chlef,Alžírská lidová demokratická republika
56415,N-NCO,,Magisterský navazující,prezenční,02. 01. 2022 20:42,,750,0,ne,,,02. 01. 2022 21:38:00,ano,02. 01. 2022 21:13:45,ne,,ano,02. 01. 2022 20:44:53,BLIDA,Alžírská lidová demokratická republika
55167,B-BEDS,,Bakalářský,prezenční,13. 12. 2021 15:26,13.12.2021,750,0,ne,,,13. 12. 2021 21:41:28,ano,13. 12. 2021 21:11:47,ne,,ano,13. 12. 2021 15:46:31,beni messous,Alžírská lidová demokratická republika
55974,B-BEE,,Bakalářský,prezenční,27. 12. 2021 10:13,27.12.2021,750,0,ne,,,13. 12. 2021 21:41:28,ano,27. 12. 2021 10:13:02,ne,,ano,27. 12. 2021 10:13:02,beni messous,Alžírská lidová demokratická republika
55776,N-ENVA,,Magisterský navazující,prezenční,22. 12. 2021 15:00,26.12.2021,750,750,ano,26.12.2021,26. 12. 2021 13:27:19,24. 12. 2021 14:26:25,ano,24. 12. 2021 14:34:36,ano,26. 12. 2021 13:27:19,ano,24. 12. 2021 14:09:49,Praha,Česká republika
52688,B-BEE,,Bakalářský,prezenční,12. 10. 2021 09:05,14.10.2021,750,750,ano,20.10.2021,20. 10. 2021 20:19:27,14. 10. 2021 09:20:09,ano,12. 10. 2021 09:31:28,ano,20. 10. 2021 20:19:27,ano,12. 10. 2021 09:09:39,Canal view lahore,Pákistánská islámská republika
53223,B-BEDS,,Bakalářský,prezenční,12. 11. 2021 16:29,13.11.2021,750,750,ano,16.11.2021,16. 11. 2021 20:05:16,08. 12. 2020 01:56:29,ano,12. 11. 2021 16:29:23,ano,16. 11. 2021 20:05:17,ano,12. 11. 2021 16:29:23,Bauchi State,Nigérijská federativní republika
53303,N-EGS,,Magisterský navazující,prezenční,14. 11. 2021 14:12,16.12.2021,750,750,ano,23.12.2021,23. 12. 2021 23:31:25,20. 02. 2021 11:38:59,ano,14. 11. 2021 14:12:25,ano,23. 12. 2021 23:31:26,ano,14. 11. 2021 14:12:25,Kaduna,Nigérijská federativní republika
56266,B-BEDS,,Bakalářský,prezenční,01. 01. 2022 03:13,,750,0,ne,,,,ne,,ne,,ne,,,
52606,N-EGS,,Magisterský navazující,prezenční,07. 10. 2021 17:35,11.10.2021,750,750,ano,12.10.2021,12. 10. 2021 21:41:49,07. 10. 2021 17:46:41,ano,07. 10. 2021 17:41:25,ano,12. 10. 2021 21:41:49,ano,07. 10. 2021 17:36:44,Madina,Ghanská republika
52472,N-LPA,,Magisterský navazující,prezenční,01. 10. 2021 04:42,01.10.2021,750,500,ano,01.10.2021,01. 10. 2021 12:06:34,01. 10. 2021 04:56:26,ano,01. 10. 2021 04:51:12,ano,01. 10. 2021 12:06:34,ano,01. 10. 2021 04:44:23,No.6 dongli district,Čínská lidová republika
54082,N-EGS,,Magisterský navazující,prezenční,27. 11. 2021 10:34,27.11.2021,750,0,ne,,,27. 11. 2021 10:34:14,ano,27. 11. 2021 10:47:29,ne,,ano,27. 11. 2021 10:34:14,DORMAA AHENKRO,Ghanská republika
55436,B-BEE,,Bakalářský,prezenční,17. 12. 2021 12:20,,750,0,ne,,,,ne,,ne,,ano,17. 12. 2021 12:20:13,,
52621,N-NCO,,Magisterský navazující,prezenční,08. 10. 2021 08:16,,750,0,ne,,,,ne,,ne,,ano,08. 10. 2021 08:45:37,,
52748,N-EGS,,Magisterský navazující,prezenční,16. 10. 2021 06:33,28.12.2021,750,0,ne,,,31. 01. 2021 19:36:36,ano,16. 10. 2021 06:33:54,ne,,ano,16. 10. 2021 06:33:54,"Jos South, Plateau State, Nigeria",Nigérijská federativní republika
53160,N-NCO,,Magisterský navazující,prezenční,10. 11. 2021 23:24,,750,0,ne,,,,ne,,ne,,ano,10. 11. 2021 23:28:24,,
53814,N-ENVA,,Magisterský navazující,prezenční,22. 11. 2021 16:15,,750,0,ne,,,28. 11. 2021 22:48:15,ano,,ne,,ano,28. 11. 2021 22:39:56,"Lekki, Lagos",Nigérijská federativní republika
52705,B-BEDS,,Bakalářský,prezenční,13. 10. 2021 09:51,13.10.2021,750,0,ne,,,13. 10. 2021 10:05:28,ano,13. 10. 2021 10:03:04,ne,,ano,13. 10. 2021 09:52:41,Lagos,Nigérijská federativní republika
52744,B-BEE,,Bakalářský,prezenční,15. 10. 2021 23:42,15.10.2021,750,750,ano,27.11.2021,27. 11. 2021 00:23:24,15. 10. 2021 23:51:38,ano,15. 10. 2021 23:49:12,ano,27. 11. 2021 00:23:25,ano,15. 10. 2021 23:43:56,Sango otta ogun state,Nigérijská federativní republika
52745,B-BEDS,,Bakalářský,prezenční,15. 10. 2021 23:58,15.10.2021,750,0,ne,,,15. 10. 2021 23:51:38,ano,15. 10. 2021 23:58:06,ne,,ano,15. 10. 2021 23:58:07,Sango otta ogun state,Nigérijská federativní republika
54757,N-ENVA,,Magisterský navazující,prezenční,07. 12. 2021 12:15,07.12.2021,750,0,ne,,,07. 12. 2021 12:27:28,ano,07. 12. 2021 12:24:03,ne,,ano,07. 12. 2021 12:16:18,Fct-Abuja,Nigérijská federativní republika
54515,B-BEDS,,Bakalářský,prezenční,03. 12. 2021 13:44,03.12.2021,750,750,ano,03.12.2021,03. 12. 2021 20:40:33,03. 12. 2021 13:56:23,ano,03. 12. 2021 14:03:01,ano,03. 12. 2021 20:40:33,ano,03. 12. 2021 13:49:41,Ifako Ijaiye,Nigérijská federativní republika
52781,B-BEE,,Bakalářský,prezenční,19. 10. 2021 14:32,23.10.2021,750,750,ano,23.10.2021,23. 10. 2021 11:50:05,19. 10. 2021 15:09:24,ano,19. 10. 2021 14:51:13,ano,23. 10. 2021 11:50:06,ano,19. 10. 2021 14:34:36,Ikorodu Lagos State,Nigérijská federativní republika
55193,N-EGS,,Magisterský navazující,prezenční,13. 12. 2021 19:49,13.12.2021,750,0,ne,,,13. 12. 2020 18:36:50,ano,13. 12. 2021 19:49:08,ne,,ano,13. 12. 2021 19:49:08,"Mamprobi, Accra",Ghanská republika
54641,N-LPA,,Magisterský navazující,prezenční,05. 12. 2021 16:46,,750,0,ne,,,06. 11. 2020 21:43:01,ano,05. 12. 2021 16:46:18,ne,,ano,05. 12. 2021 16:46:18,LAGHOUAT,Alžírská lidová demokratická republika
52765,N-EGS,,Magisterský navazující,prezenční,18. 10. 2021 11:25,,750,0,ne,,,,ne,,ne,,ano,18. 10. 2021 11:27:31,,
52581,B-BEE,,Bakalářský,prezenční,06. 10. 2021 05:02,,750,0,ne,,,11. 02. 2021 19:53:08,ano,,ne,,ano,06. 10. 2021 05:02:47,Sargodha,Pákistánská islámská republika
55670,B-BEE,,Bakalářský,prezenční,20. 12. 2021 22:23,21.12.2021,750,750,ano,21.12.2021,21. 12. 2021 19:49:05,12. 01. 2021 21:50:28,ano,20. 12. 2021 22:23:38,ano,21. 12. 2021 19:49:05,ano,20. 12. 2021 22:23:38,Dhaka,Bangladéšská lidová republika
53231,N-EGS,,Magisterský navazující,prezenční,12. 11. 2021 18:08,,750,0,ne,,,16. 11. 2021 04:24:15,ano,16. 11. 2021 04:20:39,ne,,ano,12. 11. 2021 18:10:20,Ankpa,Ostatní
53433,N-EGS,,Magisterský navazující,prezenční,16. 11. 2021 16:49,,750,0,ne,,,16. 11. 2021 17:09:09,ano,16. 11. 2021 17:02:54,ne,,ano,16. 11. 2021 16:51:02,lokoja,Ostatní
53885,B-BEE,,Bakalářský,prezenční,23. 11. 2021 14:56,23.11.2021,750,0,ne,,,23. 11. 2021 15:25:44,ano,23. 11. 2021 15:20:05,ne,,ano,23. 11. 2021 15:03:41,IBADAN,Nigérijská federativní republika
52902,N-EGS,,Magisterský navazující,prezenční,27. 10. 2021 19:15,29.10.2021,750,735.46,ano,03.11.2021,30. 11. 2021 03:01:23,28. 10. 2021 12:19:17,ano,28. 10. 2021 12:13:50,ano,30. 11. 2021 03:01:24,ano,27. 10. 2021 19:43:52,buea,Kamerunská republika
52671,N-LPA,,Magisterský navazující,prezenční,11. 10. 2021 15:06,,750,0,ne,,,11. 10. 2021 15:18:40,ano,11. 10. 2021 15:14:58,ne,,ano,11. 10. 2021 15:07:34,Ashaiman,Ghanská republika
52508,N-EGS,,Magisterský navazující,prezenční,02. 10. 2021 16:19,,750,0,ne,,,,ne,,ne,,ne,,,
56514,B-BEE,,Bakalářský,prezenční,03. 01. 2022 17:24,,750,0,ne,,,,ne,,ne,,ne,,,
52849,N-NCO,,Magisterský navazující,prezenční,23. 10. 2021 05:37,23.12.2021,750,0,ne,,,17. 10. 2021 16:50:06,ano,23. 10. 2021 05:37:38,ne,,ano,23. 10. 2021 05:37:38,ABUAKWA- KUMASI,Ghanská republika
55644,N-NCO,,Magisterský navazující,prezenční,20. 12. 2021 16:27,,750,0,ne,,,20. 12. 2021 17:50:25,ano,20. 12. 2021 17:34:02,ne,,ano,20. 12. 2021 16:32:05,"27 Amidu jimoh off governors road ikotun Lagos state, Nigeria.",Nigérijská federativní republika
56649,N-LPA,,Magisterský navazující,prezenční,04. 01. 2022 13:54,04.01.2022,750,750,ano,04.01.2022,04. 01. 2022 16:33:41,04. 01. 2022 16:26:42,ano,04. 01. 2022 16:25:38,ano,04. 01. 2022 16:33:41,ano,04. 01. 2022 13:55:16,Accra,Ghanská republika
53715,B-BEDS,,Bakalářský,prezenční,21. 11. 2021 11:09,21.11.2021,750,750,ano,22.11.2021,24. 11. 2021 05:45:47,21. 11. 2021 11:19:53,ano,21. 11. 2021 11:17:36,ano,24. 11. 2021 05:45:50,ano,21. 11. 2021 11:11:18,Uralsk,Republika Kazachstán
53515,B-BEE,,Bakalářský,prezenční,18. 11. 2021 13:20,,750,0,ne,,,26. 02. 2021 08:48:42,ano,18. 11. 2021 13:20:14,ne,,ano,18. 11. 2021 13:20:15,Brno,Česká republika
52934,N-LPA,,Magisterský navazující,prezenční,30. 10. 2021 06:39,30.10.2021,750,0,ne,,,27. 01. 2021 06:42:04,ano,30. 10. 2021 06:39:48,ne,,ano,30. 10. 2021 06:39:48,Tehran,Íránská islámská republika
53178,B-BEE,,Bakalářský,prezenční,11. 11. 2021 14:57,,750,0,ne,,,15. 02. 2020 13:07:34,ano,11. 11. 2021 14:57:37,ne,,ano,11. 11. 2021 14:57:37,Ortahisar/Trabzon,Turecká republika
54281,B-BEE,,Bakalářský,prezenční,30. 11. 2021 18:39,,750,0,ne,,,,ne,,ne,,ano,30. 11. 2021 18:40:44,,
54284,B-BEDS,,Bakalářský,prezenční,30. 11. 2021 18:55,,750,0,ne,,,,ne,,ne,,ano,30. 11. 2021 18:55:21,,
53371,N-NCO,,Magisterský navazující,prezenční,15. 11. 2021 15:25,,750,0,ne,,,,ne,,ne,,ano,15. 11. 2021 15:26:55,,
53498,N-LPA,,Magisterský navazující,prezenční,18. 11. 2021 07:12,,750,0,ne,,,24. 03. 2021 09:46:17,ano,18. 11. 2021 07:12:50,ne,,ano,18. 11. 2021 07:12:51,Port Harcourt,Nigérijská federativní republika
55613,N-EGS,,Magisterský navazující,prezenční,20. 12. 2021 11:51,20.12.2021,750,0,ne,,,20. 12. 2021 12:04:31,ano,20. 12. 2021 12:02:47,ne,,ano,20. 12. 2021 11:53:42,Akure,Ostatní
55083,B-BEE,,Bakalářský,prezenční,12. 12. 2021 13:36,,750,0,ne,,,12. 12. 2021 13:20:17,ano,12. 12. 2021 13:36:05,ne,,ano,12. 12. 2021 13:36:06,Lagos State,Nigérijská federativní republika
55080,B-BEDS,,Bakalářský,prezenční,12. 12. 2021 13:22,,750,0,ne,,,12. 12. 2021 13:20:17,ano,12. 12. 2021 13:22:19,ne,,ano,12. 12. 2021 13:22:19,Lagos State,Nigérijská federativní republika
52825,N-EGS,,Magisterský navazující,prezenční,22. 10. 2021 12:55,08.11.2021,750,0,ne,,,22. 10. 2021 13:17:13,ano,08. 11. 2021 05:53:10,ne,,ano,22. 10. 2021 13:06:31,Abuja,Ostatní
55334,N-LPA,,Magisterský navazující,prezenční,15. 12. 2021 18:07,,750,0,ne,,,,ne,,ne,,ano,15. 12. 2021 18:22:41,,
52982,N-EGS,,Magisterský navazující,prezenční,02. 11. 2021 13:22,03.01.2022,750,0,ne,,,12. 04. 2021 15:51:47,ano,02. 11. 2021 13:22:36,ne,,ano,02. 11. 2021 13:22:36,Nigeria,Ostatní
53095,B-BEE,,Bakalářský,prezenční,08. 11. 2021 14:03,,750,0,ne,,,09. 11. 2021 19:52:53,ano,09. 11. 2021 19:49:46,ne,,ano,08. 11. 2021 14:04:35,Makurdi,Nigérijská federativní republika
55944,B-BEE,,Bakalářský,prezenční,26. 12. 2021 14:53,,750,0,ne,,,,ne,,ne,,ano,26. 12. 2021 14:54:00,,
52627,N-ENVA,,Magisterský navazující,prezenční,08. 10. 2021 20:16,08.10.2021,750,0,ne,,,08. 10. 2021 20:25:25,ano,08. 10. 2021 20:24:17,ne,,ano,08. 10. 2021 20:17:17,Kuantan,Malajsie
53423,B-BEDS,,Bakalářský,prezenční,16. 11. 2021 14:50,26.11.2021,750,750,ano,26.11.2021,26. 11. 2021 15:30:06,26. 11. 2021 14:58:55,ano,26. 11. 2021 14:52:48,ano,26. 11. 2021 15:30:07,ano,16. 11. 2021 14:52:22,Chereponi,Ghanská republika
52487,B-BEDS,,Bakalářský,prezenční,01. 10. 2021 17:20,01.10.2021,750,0,ne,,,01. 10. 2021 17:50:57,ano,01. 10. 2021 17:48:01,ne,,ano,01. 10. 2021 17:25:14,Malir Town,Ostatní
52957,N-ENVA,,Magisterský navazující,prezenční,01. 11. 2021 18:07,01.11.2021,750,0,ne,,,01. 11. 2021 18:11:52,ano,01. 11. 2021 18:10:38,ne,,ano,01. 11. 2021 18:08:00,Multan,Pákistánská islámská republika
52998,N-ENVA,,Magisterský navazující,prezenční,03. 11. 2021 05:01,03.11.2021,750,750,ano,03.11.2021,03. 11. 2021 05:53:20,03. 11. 2021 05:33:09,ano,03. 11. 2021 05:28:22,ano,03. 11. 2021 05:53:21,ano,03. 11. 2021 05:05:14,Port Harcourt,Ostatní
52941,B-BEE,,Bakalářský,prezenční,30. 10. 2021 23:30,31.10.2021,750,750,ano,01.11.2021,03. 11. 2021 05:45:53,31. 10. 2021 03:08:21,ano,31. 10. 2021 03:00:16,ano,03. 11. 2021 05:45:56,ano,31. 10. 2021 02:32:00,Praha,Česká republika
56343,B-BEDS,,Bakalářský,prezenční,02. 01. 2022 11:36,02.01.2022,750,0,ne,,,02. 01. 2022 12:07:31,ano,02. 01. 2022 12:03:51,ne,,ano,02. 01. 2022 11:37:12,Karaj,Íránská islámská republika
52539,N-NCO,,Magisterský navazující,prezenční,04. 10. 2021 06:01,07.10.2021,750,0,ne,,,07. 10. 2021 05:44:05,ano,07. 10. 2021 05:40:44,ne,,ano,04. 10. 2021 06:01:34,delhi,Indická republika
52720,N-LPA,,Magisterský navazující,prezenční,14. 10. 2021 14:29,19.10.2021,750,750,ano,02.12.2021,02. 12. 2021 08:09:07,14. 10. 2021 14:57:33,ano,14. 10. 2021 14:53:31,ano,02. 12. 2021 08:09:08,ano,14. 10. 2021 14:31:13,TANOSO KUMASI,Ghanská republika
52886,N-ENVA,,Magisterský navazující,prezenční,26. 10. 2021 20:15,,750,0,ne,,,11. 11. 2021 15:08:51,ano,11. 11. 2021 13:45:48,ne,,ano,26. 10. 2021 20:27:38,Nanjing,Čínská lidová republika
53834,N-EGS,,Magisterský navazující,prezenční,22. 11. 2021 21:39,22.11.2021,750,0,ne,,,22. 11. 2021 21:50:05,ano,22. 11. 2021 21:47:44,ne,,ano,22. 11. 2021 21:41:06,Alexandria,Egyptská arabská republika
53919,N-NCO,,Magisterský navazující,prezenční,24. 11. 2021 12:44,,750,0,ne,,,,ne,24. 11. 2021 13:28:45,ne,,ano,24. 11. 2021 12:45:55,,
52907,N-NCO,,Magisterský navazující,prezenční,28. 10. 2021 02:32,,750,0,ne,,,,ne,,ne,,ano,28. 10. 2021 02:34:09,,
52963,N-NCO,,Magisterský navazující,prezenční,02. 11. 2021 01:40,,750,0,ne,,,02. 11. 2021 02:10:24,ano,02. 11. 2021 02:07:20,ne,,ano,02. 11. 2021 01:41:52,Owerri,Ostatní
52806,N-NCO,,Magisterský navazující,prezenční,21. 10. 2021 13:19,,750,0,ne,,,21. 10. 2021 21:04:40,ano,21. 10. 2021 20:54:03,ne,,ano,21. 10. 2021 15:50:54,"Cape Coast, Central Region",Ghanská republika
53923,B-BEE,,Bakalářský,prezenční,24. 11. 2021 13:15,24.11.2021,750,0,ne,,,24. 11. 2021 12:58:31,ano,24. 11. 2021 13:15:15,ne,,ano,24. 11. 2021 13:15:15,Las Piñas City,Filipínská republika
53924,B-BEDS,,Bakalářský,prezenční,24. 11. 2021 13:15,24.11.2021,750,0,ne,,,24. 11. 2021 12:58:31,ano,24. 11. 2021 13:15:32,ne,,ano,24. 11. 2021 13:15:33,Las Piñas City,Filipínská republika
52641,N-EGS,,Magisterský navazující,prezenční,09. 10. 2021 17:02,09.10.2021,750,0,ne,,,09. 10. 2021 17:19:28,ano,09. 10. 2021 17:13:20,ne,,ano,09. 10. 2021 17:04:15,Ashanti Region,Ghanská republika
52676,N-ENVA,,Magisterský navazující,prezenční,11. 10. 2021 19:45,11.10.2021,750,0,ne,,,09. 10. 2021 17:19:28,ano,11. 10. 2021 19:45:33,ne,,ano,11. 10. 2021 19:45:34,Ashanti Region,Ghanská republika
53731,N-NCO,,Magisterský navazující,prezenční,21. 11. 2021 18:12,19.12.2021,750,750,ano,19.12.2021,19. 12. 2021 14:55:30,30. 11. 2021 20:38:02,ano,21. 11. 2021 19:09:50,ano,19. 12. 2021 14:55:30,ano,21. 11. 2021 18:20:08,"Egbeda,Lagos",Nigérijská federativní republika
55802,N-NCO,,Magisterský navazující,prezenční,23. 12. 2021 03:27,,750,0,ne,,,01. 12. 2020 01:13:18,ano,23. 12. 2021 03:27:33,ne,,ano,23. 12. 2021 03:27:33,Kumasi,Ghanská republika
52922,N-NCO,,Magisterský navazující,prezenční,29. 10. 2021 03:28,,750,0,ne,,,,ne,,ne,,ano,14. 12. 2021 14:35:08,,
52923,N-NCO,,Magisterský navazující,prezenční,29. 10. 2021 03:28,29.10.2021,750,750,ano,01.11.2021,01. 11. 2021 12:16:00,29. 10. 2021 03:53:08,ano,29. 10. 2021 03:42:48,ano,01. 11. 2021 12:16:01,ano,29. 10. 2021 03:31:42,bibiani,Ghanská republika
55453,N-NCO,,Magisterský navazující,prezenční,17. 12. 2021 16:05,18.12.2021,750,750,ano,18.12.2021,18. 12. 2021 17:56:35,18. 12. 2021 17:43:01,ano,18. 12. 2021 17:38:01,ano,18. 12. 2021 17:56:36,ano,18. 12. 2021 17:27:04,Abuja Nigeria,Ostatní
55514,B-BEE,,Bakalářský,prezenční,18. 12. 2021 18:08,18.12.2021,750,0,ne,,,18. 12. 2021 17:43:01,ano,18. 12. 2021 18:11:52,ne,,ano,18. 12. 2021 18:08:52,Abuja Nigeria,Ostatní
55796,B-BEE,,Bakalářský,prezenční,23. 12. 2021 01:26,,750,0,ne,,,,ne,,ne,,ne,,,
55797,B-BEE,,Bakalářský,prezenční,23. 12. 2021 01:27,25.12.2021,750,0,ne,,,23. 12. 2021 02:05:44,ano,23. 12. 2021 01:44:11,ne,,ano,23. 12. 2021 01:28:12,"2 Prudent, Street.",Ghanská republika
55799,B-BEE,,Bakalářský,prezenční,23. 12. 2021 02:00,,750,0,ne,,,,ne,,ne,,ne,,,
53705,B-BEDS,,Bakalářský,prezenční,21. 11. 2021 02:38,21.11.2021,750,750,ano,02.12.2021,02. 12. 2021 23:39:53,21. 11. 2021 02:46:05,ano,21. 11. 2021 02:43:36,ano,02. 12. 2021 23:39:53,ano,21. 11. 2021 02:39:23,St. Petersburg,Ruská federace
56469,N-ENVA,,Magisterský navazující,prezenční,03. 01. 2022 11:27,03.01.2022,750,750,ano,03.01.2022,03. 01. 2022 19:46:27,03. 01. 2022 19:35:23,ano,03. 01. 2022 19:24:09,ano,03. 01. 2022 19:46:27,ano,03. 01. 2022 18:51:32,"P. O. BOX 5, KOKOFU-ADWUMAM- A/R.",Ghanská republika
52815,B-BEDS,,Bakalářský,prezenční,22. 10. 2021 01:12,,750,0,ne,,,,ne,,ne,,ano,22. 10. 2021 01:14:34,,
52685,B-BEE,,Bakalářský,prezenční,12. 10. 2021 07:45,,750,0,ne,,,,ne,,ne,,ne,,,
52686,B-BEE,,Bakalářský,prezenční,12. 10. 2021 07:45,,750,0,ne,,,,ne,,ne,,ano,12. 10. 2021 07:47:29,,
52512,N-EGS,,Magisterský navazující,prezenční,02. 10. 2021 22:13,02.10.2021,750,0,ne,,,02. 10. 2021 22:29:21,ano,02. 10. 2021 22:26:28,ne,,ano,02. 10. 2021 22:13:52,iloin,Ostatní
52513,B-BEE,,Bakalářský,prezenční,02. 10. 2021 22:40,,750,0,ne,,,02. 10. 2021 22:29:21,ano,,ne,,ano,02. 10. 2021 22:40:52,iloin,Ostatní
52657,N-ENVA,,Magisterský navazující,prezenční,10. 10. 2021 14:32,10.10.2021,750,0,ne,,,10. 10. 2021 23:06:34,ano,10. 10. 2021 23:04:53,ne,,ano,10. 10. 2021 14:36:18,accra,Ghanská republika
52913,N-LPA,,Magisterský navazující,prezenční,28. 10. 2021 14:39,,750,0,ne,,,,ne,,ne,,ano,28. 10. 2021 14:44:09,,
53301,N-EGS,,Magisterský navazující,prezenční,14. 11. 2021 13:48,14.11.2021,750,0,ne,,,14. 11. 2021 14:34:50,ano,14. 11. 2021 14:25:23,ne,,ano,14. 11. 2021 13:50:40,"FCT, Abuja",Nigérijská federativní republika
53543,B-BEE,,Bakalářský,prezenční,19. 11. 2021 00:26,19.11.2021,750,750,ano,15.12.2021,15. 12. 2021 14:02:59,09. 11. 2021 20:40:18,ano,19. 11. 2021 00:26:19,ano,15. 12. 2021 14:02:59,ano,19. 11. 2021 00:26:20,Accra,Ghanská republika
54078,B-BEDS,,Bakalářský,prezenční,27. 11. 2021 09:02,,750,0,ne,,,,ne,,ne,,ano,27. 11. 2021 09:10:38,,
56666,N-NCO,,Magisterský navazující,prezenční,04. 01. 2022 15:48,,750,0,ne,,,,ne,,ne,,ano,04. 01. 2022 15:49:41,,
53072,N-EGS,,Magisterský navazující,prezenční,06. 11. 2021 17:18,06.11.2021,750,750,ano,20.11.2021,20. 11. 2021 15:14:46,06. 11. 2021 18:06:43,ano,06. 11. 2021 17:52:56,ano,20. 11. 2021 15:14:47,ano,06. 11. 2021 17:21:18,"Igando, Lagos",Nigérijská federativní republika
54539,B-BEDS,,Bakalářský,prezenční,03. 12. 2021 23:28,03.12.2021,750,0,ne,,,03. 12. 2021 23:40:02,ano,03. 12. 2021 23:37:44,ne,,ano,03. 12. 2021 23:30:29,Federal Capital Territory,Nigérijská federativní republika
52905,B-BEDS,,Bakalářský,prezenční,27. 10. 2021 21:25,,750,0,ne,,,,ne,,ne,,ano,27. 10. 2021 21:27:01,,
56480,B-BEE,,Bakalářský,prezenční,03. 01. 2022 13:21,03.01.2022,750,750,ano,03.01.2022,03. 01. 2022 13:32:35,03. 01. 2022 13:27:29,ano,03. 01. 2022 13:25:56,ano,03. 01. 2022 13:32:36,ano,03. 01. 2022 13:23:09,New Delhi,Indická republika
55951,N-EGS,,Magisterský navazující,prezenční,26. 12. 2021 18:18,,750,0,ne,,,,ne,,ne,,ne,,,
53984,N-LPA,,Magisterský navazující,prezenční,25. 11. 2021 12:30,,750,0,ne,,,,ne,,ne,,ano,25. 11. 2021 12:31:52,,
53486,N-NCO,,Magisterský navazující,prezenční,17. 11. 2021 16:44,,750,0,ne,,,,ne,,ne,,ano,17. 11. 2021 16:46:49,,
53232,N-LPA,,Magisterský navazující,prezenční,12. 11. 2021 18:41,,750,0,ne,,,12. 11. 2021 15:17:53,ano,12. 11. 2021 18:41:13,ne,,ano,12. 11. 2021 18:41:14,Dormaa ahenkro,Ghanská republika
54058,N-LPA,,Magisterský navazující,prezenční,26. 11. 2021 17:50,26.11.2021,750,750,ano,26.11.2021,26. 11. 2021 18:10:22,02. 12. 2020 12:59:04,ano,26. 11. 2021 17:50:51,ano,26. 11. 2021 18:10:23,ano,26. 11. 2021 17:50:51,Volgograd,Ruská federace
56159,B-BEDS,,Bakalářský,prezenční,30. 12. 2021 01:16,,750,0,ne,,,,ne,,ne,,ne,,,
56701,B-BEE,,Bakalářský,prezenční,04. 01. 2022 18:18,,750,0,ne,,,,ne,,ne,,ano,04. 01. 2022 18:19:11,,
54546,N-EGS,,Magisterský navazující,prezenční,04. 12. 2021 01:11,,750,0,ne,,,06. 07. 2021 16:33:05,ano,05. 01. 2022 08:55:13,ne,,ano,04. 12. 2021 01:11:37,Lagos,Nigérijská federativní republika
54550,N-ENVA,,Magisterský navazující,prezenční,04. 12. 2021 01:22,,750,0,ne,,,06. 07. 2021 16:33:05,ano,05. 01. 2022 08:55:13,ne,,ano,04. 12. 2021 01:22:08,Lagos,Nigérijská federativní republika
54707,B-BEE,,Bakalářský,prezenční,06. 12. 2021 15:28,,750,0,ne,,,06. 07. 2021 16:33:05,ano,06. 12. 2021 15:28:32,ne,,ano,06. 12. 2021 15:28:33,Lagos,Nigérijská federativní republika
52722,B-BEE,,Bakalářský,prezenční,14. 10. 2021 18:41,,750,0,ne,,,,ne,,ne,,ano,14. 10. 2021 18:46:32,,
52476,B-BEDS,,Bakalářský,prezenční,01. 10. 2021 12:08,,750,0,ne,,,26. 05. 2021 21:13:50,ano,01. 10. 2021 17:30:35,ne,,ano,01. 10. 2021 12:08:39,Rome,Italská republika
53992,B-BEDS,,Bakalářský,prezenční,25. 11. 2021 16:01,,750,0,ne,,,25. 11. 2021 15:57:42,ano,25. 11. 2021 16:01:31,ne,,ano,25. 11. 2021 16:01:31,Murcia,Ostatní
54829,N-NCO,,Magisterský navazující,prezenční,08. 12. 2021 11:16,,750,0,ne,,,08. 12. 2021 11:45:01,ano,08. 12. 2021 11:42:12,ne,,ano,08. 12. 2021 11:24:03,Ife,Ostatní
52942,N-NCO,,Magisterský navazující,prezenční,31. 10. 2021 11:37,31.10.2021,750,0,ne,,,31. 10. 2021 11:55:30,ano,31. 10. 2021 11:50:36,ne,,ano,31. 10. 2021 11:38:34,Ibadan,Nigérijská federativní republika
54796,B-BEDS,,Bakalářský,prezenční,07. 12. 2021 19:08,,750,0,ne,,,,ne,,ne,,ano,07. 12. 2021 19:11:34,,
53339,N-NCO,,Magisterský navazující,prezenční,15. 11. 2021 00:37,,750,0,ne,,,,ne,,ne,,ne,,,
53594,N-EGS,,Magisterský navazující,prezenční,19. 11. 2021 13:30,21.11.2021,750,750,ano,14.12.2021,14. 12. 2021 06:02:35,21. 11. 2021 12:42:00,ano,21. 11. 2021 12:35:27,ano,14. 12. 2021 06:02:35,ano,19. 11. 2021 13:33:15,Ikorodu,Nigérijská federativní republika
53865,N-NCO,,Magisterský navazující,prezenční,23. 11. 2021 11:22,,750,0,ne,,,,ne,,ne,,ano,23. 11. 2021 11:26:04,,
52988,B-BEDS,,Bakalářský,prezenční,02. 11. 2021 15:09,,750,0,ne,,,,ne,,ne,,ano,02. 11. 2021 16:06:33,,
52562,N-ENVA,,Magisterský navazující,prezenční,05. 10. 2021 10:46,05.10.2021,750,750,ano,12.10.2021,12. 10. 2021 15:01:01,05. 10. 2021 10:46:16,ano,05. 10. 2021 10:53:35,ano,12. 10. 2021 15:01:01,ano,05. 10. 2021 10:46:16,Praha (Břevnov),Česká republika
55403,N-ENVA,,Magisterský navazující,prezenční,16. 12. 2021 18:21,20.12.2021,750,750,ano,23.12.2021,23. 12. 2021 11:53:35,16. 12. 2021 18:29:21,ano,16. 12. 2021 18:26:32,ano,23. 12. 2021 11:53:35,ano,16. 12. 2021 18:21:58,Kasur,Pákistánská islámská republika
55821,N-LPA,,Magisterský navazující,prezenční,23. 12. 2021 12:04,23.12.2021,750,750,ano,23.12.2021,23. 12. 2021 12:20:41,16. 12. 2021 18:29:21,ano,23. 12. 2021 12:04:58,ano,23. 12. 2021 12:20:42,ano,23. 12. 2021 12:04:58,Kasur,Pákistánská islámská republika
52518,N-NCO,,Magisterský navazující,prezenční,03. 10. 2021 09:09,,750,0,ne,,,03. 10. 2021 09:09:10,ano,,ne,,ano,03. 10. 2021 09:09:11,Kitchener,Kanada
53126,N-LPA,,Magisterský navazující,prezenční,09. 11. 2021 19:55,09.11.2021,750,750,ano,09.11.2021,09. 11. 2021 20:35:54,09. 11. 2021 20:16:57,ano,09. 11. 2021 20:05:40,ano,09. 11. 2021 20:35:54,ano,09. 11. 2021 19:59:09,Ejisu - Ashanti Region,Ghanská republika
53203,N-NCO,,Magisterský navazující,prezenční,12. 11. 2021 12:11,29.11.2021,750,0,ne,,,12. 11. 2021 14:05:03,ano,29. 11. 2021 22:01:40,ne,,ano,12. 11. 2021 12:11:04,St. Augustine`s SHS Nsapor,Ghanská republika
52585,N-LPA,,Magisterský navazující,prezenční,06. 10. 2021 13:54,,750,0,ne,,,06. 10. 2021 13:54:22,ano,,ne,,ano,06. 10. 2021 13:54:22,Moscow,Ruská federace
55849,B-BEDS,,Bakalářský,prezenční,24. 12. 2021 00:01,02.01.2022,750,750,ano,02.01.2022,02. 01. 2022 14:38:47,24. 12. 2021 00:01:20,ano,02. 01. 2022 14:35:47,ano,02. 01. 2022 14:38:47,ano,24. 12. 2021 00:01:20,Praha,Česká republika
52559,N-ENVA,,Magisterský navazující,prezenční,04. 10. 2021 23:18,,750,0,ne,,,04. 10. 2021 23:32:30,ano,04. 10. 2021 23:24:27,ne,,ano,04. 10. 2021 23:19:22,Malang City,Indonéská republika
52927,N-ENVA,,Magisterský navazující,prezenční,29. 10. 2021 15:12,,750,0,ne,,,29. 10. 2021 15:25:17,ano,29. 10. 2021 15:24:01,ne,,ano,29. 10. 2021 15:19:21,Meftah,Alžírská lidová demokratická republika
52888,N-EGS,,Magisterský navazující,prezenční,26. 10. 2021 23:49,,750,0,ne,,,,ne,27. 10. 2021 00:14:06,ne,,ano,26. 10. 2021 23:54:45,,
54597,B-BEE,,Bakalářský,prezenční,04. 12. 2021 17:38,04.12.2021,750,750,ano,04.12.2021,04. 12. 2021 18:08:55,04. 12. 2021 18:03:55,ano,04. 12. 2021 18:01:00,ano,04. 12. 2021 18:08:55,ano,04. 12. 2021 17:41:05,Skopje,Republika Severní Makedonie
54700,N-NCO,,Magisterský navazující,prezenční,06. 12. 2021 14:09,06.12.2021,750,750,ano,08.12.2021,08. 12. 2021 11:52:31,06. 12. 2021 15:01:06,ano,06. 12. 2021 14:51:54,ano,08. 12. 2021 11:52:31,ano,06. 12. 2021 14:17:06,Shanghai,Čínská lidová republika
52578,N-NCO,,Magisterský navazující,prezenční,05. 10. 2021 23:40,05.10.2021,750,0,ne,,,05. 10. 2021 23:53:32,ano,05. 10. 2021 23:52:27,ne,,ano,05. 10. 2021 23:41:28,"Guatemala, Guatemala",Guatemalská republika
52948,N-ENVA,,Magisterský navazující,prezenční,01. 11. 2021 08:48,01.11.2021,750,0,ne,,,01. 11. 2021 08:53:41,ano,01. 11. 2021 08:52:05,ne,,ano,01. 11. 2021 08:49:26,"Athens, Greece",Řecká republika
54928,B-BEE,,Bakalářský,prezenční,09. 12. 2021 21:57,,750,0,ne,,,09. 12. 2021 22:38:06,ano,09. 12. 2021 22:32:20,ne,,ano,09. 12. 2021 22:00:09,Tehran,Íránská islámská republika
56198,B-BEDS,,Bakalářský,prezenční,30. 12. 2021 14:53,,750,0,ne,,,09. 12. 2021 22:38:06,ano,30. 12. 2021 14:53:01,ne,,ano,30. 12. 2021 14:53:01,Tehran,Íránská islámská republika
52751,N-EGS,,Magisterský navazující,prezenční,16. 10. 2021 20:58,20.10.2021,750,0,ne,,,20. 10. 2021 23:57:17,ano,20. 10. 2021 16:18:19,ne,,ano,20. 10. 2021 16:13:50,P.O.BOX AT84,Ghanská republika
55789,N-ENVA,,Magisterský navazující,prezenční,22. 12. 2021 19:30,,750,0,ne,,,,ne,,ne,,ne,,,
54808,B-BEE,,Bakalářský,prezenční,07. 12. 2021 22:39,20.12.2021,750,750,ano,20.12.2021,20. 12. 2021 16:22:10,07. 12. 2021 23:06:49,ano,07. 12. 2021 23:03:39,ano,20. 12. 2021 16:22:10,ano,07. 12. 2021 22:47:26,Grabels,Francouzská jižní území
55393,N-EGS,,Magisterský navazující,prezenční,16. 12. 2021 16:59,16.12.2021,750,750,ano,16.12.2021,16. 12. 2021 17:54:09,16. 12. 2021 17:31:58,ano,16. 12. 2021 17:19:55,ano,16. 12. 2021 17:54:10,ano,16. 12. 2021 16:59:46,Mogoditshane,Botswanská republika
52659,B-BEE,,Bakalářský,prezenční,10. 10. 2021 16:12,,750,0,ne,,,,ne,10. 10. 2021 16:30:46,ne,,ano,10. 10. 2021 16:14:13,,
52816,N-EGS,,Magisterský navazující,prezenční,22. 10. 2021 01:40,,750,0,ne,,,,ne,,ne,,ne,,,
55146,B-BEE,,Bakalářský,prezenční,13. 12. 2021 10:18,14.12.2021,750,0,ne,,,13. 12. 2021 10:40:20,ano,13. 12. 2021 10:35:08,ne,,ano,13. 12. 2021 10:18:48,Addis Ababa,Etiopská federativní demokratická republika
53056,N-EGS,,Magisterský navazující,prezenční,05. 11. 2021 17:50,16.12.2021,750,750,ano,16.12.2021,16. 12. 2021 23:04:11,05. 11. 2021 18:14:40,ano,05. 11. 2021 18:04:37,ano,16. 12. 2021 23:04:11,ano,05. 11. 2021 17:52:44,Techiman,Ghanská republika
52832,N-EGS,,Magisterský navazující,prezenční,22. 10. 2021 19:08,23.10.2021,750,0,ne,,,16. 02. 2021 20:00:44,ano,22. 10. 2021 19:08:23,ne,,ano,22. 10. 2021 19:08:23,Techiman,Ghanská republika
52834,N-NCO,,Magisterský navazující,prezenční,22. 10. 2021 19:27,23.10.2021,750,0,ne,,,16. 02. 2021 20:00:44,ano,22. 10. 2021 19:27:58,ne,,ano,22. 10. 2021 19:27:58,Techiman,Ghanská republika
52989,B-BEDS,,Bakalářský,prezenční,02. 11. 2021 15:11,,750,0,ne,,,02. 11. 2021 15:11:47,ano,02. 11. 2021 15:16:56,ne,,ano,02. 11. 2021 15:11:47,STRAZEELE,Francouzská republika
52999,N-LPA,,Magisterský navazující,prezenční,03. 11. 2021 05:44,03.11.2021,750,750,ano,23.11.2021,23. 11. 2021 08:21:19,03. 11. 2021 05:58:25,ano,03. 11. 2021 05:55:43,ano,23. 11. 2021 08:21:20,ano,03. 11. 2021 05:48:48,Chennai,Indická republika
54793,B-BEDS,,Bakalářský,prezenční,07. 12. 2021 18:43,,750,0,ne,,,07. 12. 2021 19:00:51,ano,07. 12. 2021 18:53:01,ne,,ano,07. 12. 2021 18:45:44,Tamale,Ghanská republika
53406,B-BEE,,Bakalářský,prezenční,16. 11. 2021 07:52,,750,0,ne,,,,ne,,ne,,ano,16. 11. 2021 07:55:12,,
53255,N-EGS,,Magisterský navazující,prezenční,13. 11. 2021 11:12,,750,0,ne,,,,ne,,ne,,ne,,,
52896,N-EGS,,Magisterský navazující,prezenční,27. 10. 2021 14:09,,750,0,ne,,,,ne,,ne,,ano,27. 10. 2021 14:09:07,,
52478,N-EGS,,Magisterský navazující,prezenční,01. 10. 2021 13:39,02.10.2021,750,500,ano,03.10.2021,03. 10. 2021 21:05:47,01. 10. 2021 15:55:49,ano,01. 10. 2021 15:05:02,ano,03. 10. 2021 21:05:48,ano,01. 10. 2021 14:22:17,Benin City,Nigérijská federativní republika
52628,N-LPA,,Magisterský navazující,prezenční,08. 10. 2021 20:37,,750,0,ne,,,11. 10. 2021 14:53:44,ano,09. 10. 2021 19:39:31,ne,,ano,08. 10. 2021 20:39:13,Sowutuom,Ghanská republika
56588,N-LPA,,Magisterský navazující,prezenční,04. 01. 2022 05:25,,750,0,ne,,,,ne,,ne,,ano,04. 01. 2022 05:28:17,,
55519,N-EGS,,Magisterský navazující,prezenční,18. 12. 2021 20:31,21.12.2021,750,750,ano,21.12.2021,21. 12. 2021 13:41:56,20. 12. 2021 09:39:27,ano,20. 12. 2021 09:35:49,ano,21. 12. 2021 13:41:56,ano,18. 12. 2021 20:32:43,"lkotun, Lagos state",Nigérijská federativní republika
52844,B-BEE,,Bakalářský,prezenční,22. 10. 2021 23:16,,750,0,ne,,,,ne,,ne,,ne,,,
52731,B-BEE,,Bakalářský,prezenční,15. 10. 2021 10:04,,750,0,ne,,,,ne,,ne,,ano,17. 10. 2021 21:21:06,,
54183,B-BEE,,Bakalářský,prezenční,29. 11. 2021 06:28,,750,0,ne,,,29. 11. 2021 06:27:03,ano,,ne,,ano,29. 11. 2021 06:28:45,Lagos,Nigérijská federativní republika
54185,B-BEDS,,Bakalářský,prezenční,29. 11. 2021 06:29,,750,0,ne,,,29. 11. 2021 06:27:03,ano,,ne,,ano,29. 11. 2021 06:29:17,Lagos,Nigérijská federativní republika
54177,B-BEE,,Bakalářský,prezenční,28. 11. 2021 22:56,29.11.2021,750,0,ne,,,29. 11. 2021 00:19:25,ano,29. 11. 2021 00:16:42,ne,,ano,28. 11. 2021 23:01:01,Lagos mainland,Nigérijská federativní republika
54506,B-BEDS,,Bakalářský,prezenční,03. 12. 2021 12:29,,750,0,ne,,,24. 02. 2021 12:46:30,ano,03. 12. 2021 12:29:08,ne,,ano,03. 12. 2021 12:29:09,Al Rawdah Al Sharqiyah,Spojené arabské emiráty
55875,B-BEE,,Bakalářský,prezenční,24. 12. 2021 16:05,,750,0,ne,,,,ne,,ne,,ano,24. 12. 2021 16:08:12,,
52733,B-BEDS,,Bakalářský,prezenční,15. 10. 2021 12:15,,750,0,ne,,,,ne,,ne,,ano,15. 10. 2021 12:16:31,,
55653,N-EGS,,Magisterský navazující,prezenční,20. 12. 2021 18:40,21.12.2021,750,750,ano,21.12.2021,21. 12. 2021 00:36:32,20. 12. 2021 20:33:20,ano,20. 12. 2021 18:52:22,ano,21. 12. 2021 00:36:32,ano,20. 12. 2021 18:42:19,"Isolo, Lagos State",Nigérijská federativní republika
55679,N-ENVA,,Magisterský navazující,prezenční,21. 12. 2021 00:46,,750,0,ne,,,20. 12. 2021 20:33:20,ano,21. 12. 2021 00:46:51,ne,,ano,21. 12. 2021 00:46:52,"Isolo, Lagos State",Nigérijská federativní republika
54035,B-BEE,,Bakalářský,prezenční,26. 11. 2021 10:02,26.11.2021,750,0,ne,,,13. 11. 2021 00:41:22,ano,26. 11. 2021 10:02:30,ne,,ano,26. 11. 2021 10:02:30,Aba,Nigérijská federativní republika
55764,N-ENVA,,Magisterský navazující,prezenční,22. 12. 2021 12:28,,750,0,ne,,,22. 12. 2021 12:44:55,ano,22. 12. 2021 12:42:45,ne,,ano,22. 12. 2021 12:34:38,"Mahabubnagar, Telangana, India.",Indická republika
53024,N-NCO,,Magisterský navazující,prezenční,04. 11. 2021 10:26,04.11.2021,750,750,ano,07.12.2021,07. 12. 2021 10:43:40,04. 11. 2021 10:35:45,ano,04. 11. 2021 10:34:05,ano,07. 12. 2021 10:43:41,ano,04. 11. 2021 10:27:32,Palencia,Španělské království
53058,N-ENVA,,Magisterský navazující,prezenční,05. 11. 2021 20:41,,750,0,ne,,,20. 03. 2020 10:16:58,ano,,ne,,ano,05. 11. 2021 20:41:09,roma,Italská republika
53426,B-BEE,,Bakalářský,prezenční,16. 11. 2021 15:30,,750,0,ne,,,,ne,,ne,,ne,,,
53725,N-LPA,,Magisterský navazující,prezenční,21. 11. 2021 15:09,03.12.2021,750,0,ne,,,03. 12. 2021 21:59:20,ano,21. 11. 2021 15:15:29,ne,,ano,21. 11. 2021 15:11:10,Warri,Nigérijská federativní republika
52568,B-BEDS,,Bakalářský,prezenční,05. 10. 2021 13:29,05.10.2021,750,750,ano,06.10.2021,06. 10. 2021 01:40:42,13. 10. 2020 15:03:28,ano,05. 10. 2021 13:29:13,ano,06. 10. 2021 01:40:43,ano,05. 10. 2021 13:29:14,Abeokuta,Nigérijská federativní republika
52618,N-NCO,,Magisterský navazující,prezenční,07. 10. 2021 23:56,08.10.2021,750,750,ano,10.11.2021,10. 11. 2021 11:34:44,08. 10. 2021 00:25:12,ano,08. 10. 2021 00:22:11,ano,10. 11. 2021 11:34:44,ano,07. 10. 2021 23:58:32,Ilesa,Nigérijská federativní republika
56109,N-EGS,,Magisterský navazující,prezenční,29. 12. 2021 12:46,02.01.2022,750,0,ne,,,29. 12. 2021 13:35:00,ano,29. 12. 2021 13:20:52,ne,,ano,29. 12. 2021 12:52:41,Festac town,Nigérijská federativní republika
52619,N-NCO,,Magisterský navazující,prezenční,08. 10. 2021 01:29,08.10.2021,750,750,ano,08.10.2021,08. 10. 2021 01:53:03,08. 10. 2021 01:48:12,ano,08. 10. 2021 01:46:00,ano,08. 10. 2021 01:53:03,ano,08. 10. 2021 01:34:04,"Guatemala City, zone 5",Guatemalská republika
53403,N-NCO,,Magisterský navazující,prezenční,16. 11. 2021 03:35,,750,0,ne,,,,ne,,ne,,ne,,,
52488,B-BEDS,,Bakalářský,prezenční,01. 10. 2021 17:38,02.12.2021,750,750,ano,06.12.2021,06. 12. 2021 18:14:01,02. 10. 2021 01:46:48,ano,08. 11. 2021 20:20:17,ano,06. 12. 2021 18:14:01,ano,01. 10. 2021 17:40:42,Mexico,Spojené státy mexické
52536,N-NCO,,Magisterský navazující,prezenční,03. 10. 2021 23:47,04.10.2021,750,750,ano,14.10.2021,14. 10. 2021 10:41:56,04. 10. 2021 10:33:29,ano,04. 10. 2021 00:00:10,ano,14. 10. 2021 10:41:57,ano,03. 10. 2021 23:49:51,Dansoman,Ghanská republika
52640,N-EGS,,Magisterský navazující,prezenční,09. 10. 2021 14:56,,750,0,ne,,,,ne,,ne,,ano,09. 10. 2021 15:00:04,,
54573,N-EGS,,Magisterský navazující,prezenční,04. 12. 2021 12:57,10.12.2021,750,0,ne,,,10. 12. 2021 08:13:17,ano,10. 12. 2021 08:09:18,ne,,ano,10. 12. 2021 08:01:10,Ras Sadr,Egyptská arabská republika
54938,B-BEE,,Bakalářský,prezenční,10. 12. 2021 08:28,10.12.2021,750,0,ne,,,10. 12. 2021 08:13:17,ano,10. 12. 2021 08:38:40,ne,,ano,10. 12. 2021 08:28:58,Ras Sadr,Egyptská arabská republika
55465,B-BEDS,,Bakalářský,prezenční,17. 12. 2021 17:57,17.12.2021,750,0,ne,,,17. 12. 2021 18:06:11,ano,17. 12. 2021 18:04:45,ne,,ano,17. 12. 2021 17:59:17,Skopje,Republika Severní Makedonie
55658,B-BEE,,Bakalářský,prezenční,20. 12. 2021 19:16,20.12.2021,750,750,ano,03.01.2022,03. 01. 2022 20:07:22,17. 12. 2021 18:06:11,ano,20. 12. 2021 19:16:52,ano,03. 01. 2022 20:07:22,ano,20. 12. 2021 19:16:52,Skopje,Republika Severní Makedonie
54193,N-ENVA,,Magisterský navazující,prezenční,29. 11. 2021 09:38,,750,0,ne,,,,ne,,ne,,ano,29. 11. 2021 09:38:08,,
52552,N-EGS,,Magisterský navazující,prezenční,04. 10. 2021 19:16,04.10.2021,750,500,ano,04.10.2021,04. 10. 2021 19:52:16,04. 10. 2021 19:37:11,ano,04. 10. 2021 19:48:52,ano,04. 10. 2021 19:52:16,ano,04. 10. 2021 19:24:23,Lime tree garden,Jamajka
55718,N-LPA,,Magisterský navazující,prezenční,21. 12. 2021 14:43,28.12.2021,750,0,ne,,,21. 12. 2021 15:20:42,ano,21. 12. 2021 15:18:41,ne,,ano,21. 12. 2021 14:44:02,Tabriz,Íránská islámská republika
55491,B-BEE,,Bakalářský,prezenční,18. 12. 2021 07:52,18.12.2021,750,750,ano,28.12.2021,28. 12. 2021 20:01:59,18. 12. 2021 08:08:14,ano,18. 12. 2021 08:09:55,ano,28. 12. 2021 20:01:59,ano,18. 12. 2021 07:53:36,Mahalapye,Botswanská republika
52553,B-BEE,,Bakalářský,prezenční,04. 10. 2021 21:21,,750,0,ne,,,,ne,,ne,,ano,04. 10. 2021 21:22:31,,
53035,B-BEE,,Bakalářský,prezenční,04. 11. 2021 20:29,18.11.2021,750,750,ano,20.11.2021,20. 11. 2021 00:58:58,04. 11. 2021 20:59:24,ano,04. 11. 2021 20:57:26,ano,20. 11. 2021 00:58:59,ano,04. 11. 2021 20:29:52,"San Pedro Tecamac, Cholula, Puebla.",Spojené státy mexické
54803,N-EGS,,Magisterský navazující,prezenční,07. 12. 2021 21:35,07.12.2021,750,0,ne,,,07. 12. 2021 21:49:53,ano,07. 12. 2021 21:48:12,ne,,ano,07. 12. 2021 21:37:45,Kazan,Ruská federace
53823,B-BEE,,Bakalářský,prezenční,22. 11. 2021 18:48,,750,0,ne,,,28. 11. 2021 19:26:10,ano,,ne,,ano,22. 11. 2021 18:49:01,Brno,Česká republika
53824,B-BEDS,,Bakalářský,prezenční,22. 11. 2021 18:50,,750,0,ne,,,28. 11. 2021 19:26:10,ano,,ne,,ano,22. 11. 2021 18:50:06,Brno,Česká republika
56616,B-BEDS,,Bakalářský,prezenční,04. 01. 2022 10:19,04.01.2022,750,750,ano,04.01.2022,04. 01. 2022 10:58:39,04. 01. 2022 10:35:21,ano,04. 01. 2022 10:33:22,ano,04. 01. 2022 10:58:39,ano,04. 01. 2022 10:19:56,Shchelkovo,Ruská federace
52514,B-BEDS,,Bakalářský,prezenční,02. 10. 2021 22:46,13.10.2021,750,750,ano,15.10.2021,15. 10. 2021 16:58:05,02. 10. 2021 23:11:34,ano,08. 10. 2021 23:21:37,ano,15. 10. 2021 16:58:06,ano,02. 10. 2021 22:54:24,Abuja,Ostatní
52682,B-BEE,,Bakalářský,prezenční,12. 10. 2021 01:02,13.10.2021,750,0,ne,,,02. 10. 2021 23:11:34,ano,12. 10. 2021 01:02:11,ne,,ano,12. 10. 2021 01:02:12,Abuja,Ostatní
52790,N-LPA,,Magisterský navazující,prezenční,20. 10. 2021 16:56,,750,0,ne,,,,ne,,ne,,ano,23. 10. 2021 11:46:33,,
53447,N-EGS,,Magisterský navazující,prezenční,17. 11. 2021 00:10,,750,0,ne,,,17. 11. 2021 00:29:30,ano,17. 11. 2021 00:26:47,ne,,ano,17. 11. 2021 00:13:12,Mim-Ahafo,Ghanská republika
52833,N-LPA,,Magisterský navazující,prezenční,22. 10. 2021 19:27,,750,0,ne,,,,ne,,ne,,ne,,,
52542,B-BEE,,Bakalářský,prezenční,04. 10. 2021 09:42,,750,0,ne,,,04. 10. 2021 10:40:46,ano,04. 10. 2021 10:38:01,ne,,ano,04. 10. 2021 09:43:39,Addis Ababa,Etiopská federativní demokratická republika
56545,B-BEDS,,Bakalářský,prezenční,03. 01. 2022 20:27,04.01.2022,750,0,ne,,,03. 01. 2022 20:39:40,ano,03. 01. 2022 20:38:14,ne,,ano,03. 01. 2022 20:28:15,Mořina,Česká republika
53054,N-EGS,,Magisterský navazující,prezenční,05. 11. 2021 16:59,,750,0,ne,,,05. 11. 2021 17:13:19,ano,,ne,,ano,05. 11. 2021 17:00:26,West Leisenring,Spojené státy americké
53003,N-EGS,,Magisterský navazující,prezenční,03. 11. 2021 09:12,,750,0,ne,,,,ne,,ne,,ano,03. 11. 2021 09:13:50,,
52943,B-BEE,,Bakalářský,prezenční,31. 10. 2021 12:06,31.10.2021,750,0,ne,,,31. 10. 2021 12:38:10,ano,31. 10. 2021 12:27:15,ne,,ano,31. 10. 2021 12:10:13,Maharashtra,Indická republika
52538,N-ENVA,,Magisterský navazující,prezenční,04. 10. 2021 04:30,,750,0,ne,,,,ne,04. 10. 2021 06:00:09,ne,,ano,04. 10. 2021 04:31:35,,
52761,B-BEE,,Bakalářský,prezenční,18. 10. 2021 03:16,18.10.2021,750,0,ne,,,18. 10. 2021 03:29:55,ano,18. 10. 2021 03:26:28,ne,,ano,18. 10. 2021 03:18:33,Cumilla,Ostatní
52668,N-NCO,,Magisterský navazující,prezenční,11. 10. 2021 10:39,11.10.2021,750,750,ano,11.10.2021,11. 10. 2021 11:28:35,11. 10. 2021 11:07:56,ano,11. 10. 2021 11:03:39,ano,11. 10. 2021 11:28:35,ano,11. 10. 2021 10:41:14,KIRIBATHGODA,Ostatní
52655,N-ENVA,,Magisterský navazující,prezenční,10. 10. 2021 10:51,10.10.2021,750,0,ne,,,29. 11. 2019 11:11:50,ano,10. 10. 2021 10:51:18,ne,,ano,10. 10. 2021 10:51:20,Praha,Česká republika
52656,B-BEDS,,Bakalářský,prezenční,10. 10. 2021 11:10,10.10.2021,750,0,ne,,,10. 10. 2021 11:19:03,ano,10. 10. 2021 11:17:33,ne,,ano,10. 10. 2021 11:11:46,hossana,Etiopská federativní demokratická republika
53471,N-NCO,,Magisterský navazující,prezenční,17. 11. 2021 12:08,25.12.2021,750,750,ano,26.12.2021,26. 12. 2021 20:14:53,17. 11. 2021 10:12:38,ano,17. 11. 2021 12:08:14,ano,26. 12. 2021 20:14:53,ano,17. 11. 2021 12:08:15,NYARUGENGE- KIYOVU,Rwandská republika
56376,N-NCO,,Magisterský navazující,prezenční,02. 01. 2022 15:29,02.01.2022,750,750,ano,02.01.2022,02. 01. 2022 19:57:20,02. 01. 2022 15:41:02,ano,02. 01. 2022 15:39:58,ano,02. 01. 2022 19:57:21,ano,02. 01. 2022 15:32:27,Drayton St Leonard,Spojené království Velké Británie a Severního Irska
52795,N-EGS,,Magisterský navazující,prezenční,20. 10. 2021 21:34,,750,0,ne,,,,ne,,ne,,ne,,,
52702,N-LPA,,Magisterský navazující,prezenční,13. 10. 2021 06:21,24.10.2021,750,0,ne,,,24. 10. 2021 07:34:57,ano,13. 10. 2021 07:59:42,ne,,ano,13. 10. 2021 07:44:31,Chittagong,Bangladéšská lidová republika
52544,B-BEE,,Bakalářský,prezenční,04. 10. 2021 10:04,,750,0,ne,,,,ne,,ne,,ano,04. 10. 2021 10:07:47,,
54452,B-BEE,,Bakalářský,prezenční,02. 12. 2021 15:57,02.12.2021,750,0,ne,,,02. 12. 2021 16:23:05,ano,02. 12. 2021 16:18:08,ne,,ano,02. 12. 2021 16:05:24,Calcinato,Italská republika
55020,B-BEE,,Bakalářský,prezenční,11. 12. 2021 17:53,11.12.2021,750,750,ano,11.12.2021,11. 12. 2021 18:11:43,11. 12. 2021 18:04:58,ano,11. 12. 2021 18:04:00,ano,11. 12. 2021 18:11:43,ano,11. 12. 2021 17:57:02,"Holly Springs, North Carolina",Spojené státy americké
55755,B-BEE,,Bakalářský,prezenční,22. 12. 2021 10:54,,750,0,ne,,,,ne,,ne,,ne,,,
52895,N-NCO,,Magisterský navazující,prezenční,27. 10. 2021 13:26,,750,0,ne,,,,ne,,ne,,ano,27. 10. 2021 13:30:16,,
52935,B-BEE,,Bakalářský,prezenční,30. 10. 2021 07:52,,750,0,ne,,,30. 10. 2021 08:17:13,ano,30. 10. 2021 08:00:50,ne,,ano,30. 10. 2021 07:53:54,Amakom-Kumasi,Ghanská republika
53221,B-BEDS,,Bakalářský,prezenční,12. 11. 2021 16:26,,750,0,ne,,,30. 11. 2020 09:46:45,ano,12. 11. 2021 16:26:17,ne,,ano,12. 11. 2021 16:26:17,"Lubge, Abuja, Nigeria",Nigérijská federativní republika
54740,N-ENVA,,Magisterský navazující,prezenční,07. 12. 2021 08:15,07.12.2021,750,750,ano,07.12.2021,07. 12. 2021 10:07:28,23. 06. 2021 07:09:56,ano,07. 12. 2021 08:15:17,ano,07. 12. 2021 10:07:28,ano,07. 12. 2021 08:15:17,Alimosho,Nigérijská federativní republika
55416,N-LPA,,Magisterský navazující,prezenční,16. 12. 2021 21:04,16.12.2021,750,0,ne,,,16. 12. 2021 21:25:45,ano,16. 12. 2021 21:19:37,ne,,ano,16. 12. 2021 21:06:31,Bloemfontein,Jihoafrická republika
54104,B-BEDS,,Bakalářský,prezenční,27. 11. 2021 17:18,,750,0,ne,,,,ne,,ne,,ano,27. 11. 2021 17:20:18,,
55914,N-ENVA,,Magisterský navazující,prezenční,25. 12. 2021 19:01,,750,0,ne,,,27. 12. 2021 09:30:45,ano,27. 12. 2021 09:08:48,ne,,ano,25. 12. 2021 19:02:17,Port harcourt,Nigérijská federativní republika
53562,B-BEDS,,Bakalářský,prezenční,19. 11. 2021 08:03,,750,0,ne,,,18. 12. 2021 11:27:42,ano,18. 12. 2021 11:30:19,ne,,ano,19. 11. 2021 08:06:55,DUBAI,Spojené arabské emiráty
52868,B-BEE,,Bakalářský,prezenční,24. 10. 2021 22:24,28.10.2021,750,750,ano,29.10.2021,02. 11. 2021 05:45:48,28. 10. 2021 21:59:19,ano,25. 10. 2021 11:24:23,ano,02. 11. 2021 05:45:50,ano,24. 10. 2021 22:29:41,Praha,Česká republika
52798,N-ENVA,,Magisterský navazující,prezenční,21. 10. 2021 01:10,21.10.2021,750,0,ne,,,21. 10. 2021 01:05:37,ano,21. 10. 2021 01:10:45,ne,,ano,21. 10. 2021 01:10:45,"INEZGANE,Morocco",Marocké království
52797,N-EGS,,Magisterský navazující,prezenční,21. 10. 2021 00:54,21.10.2021,750,0,ne,,,21. 10. 2021 01:05:37,ano,21. 10. 2021 01:03:47,ne,,ano,21. 10. 2021 00:55:08,"INEZGANE,Morocco",Marocké království
53002,N-NCO,,Magisterský navazující,prezenční,03. 11. 2021 08:45,,750,0,ne,,,,ne,,ne,,ano,03. 11. 2021 08:46:13,,
54235,N-ENVA,,Magisterský navazující,prezenční,29. 11. 2021 21:25,16.12.2021,750,750,ano,16.12.2021,16. 12. 2021 16:38:57,30. 11. 2021 00:10:21,ano,30. 11. 2021 00:03:45,ano,16. 12. 2021 16:38:57,ano,29. 11. 2021 21:25:25,Port Harcourt,Nigérijská federativní republika
56433,N-EGS,,Magisterský navazující,prezenční,03. 01. 2022 05:24,,750,0,ne,,,30. 11. 2021 00:10:21,ano,03. 01. 2022 05:24:16,ne,,ano,03. 01. 2022 05:24:16,Port Harcourt,Nigérijská federativní republika
52644,B-BEDS,,Bakalářský,prezenční,09. 10. 2021 20:39,09.10.2021,750,0,ne,,,09. 10. 2021 21:14:36,ano,09. 10. 2021 21:00:41,ne,,ano,09. 10. 2021 20:44:47,Brufut,Gambijská republika
56698,B-BEDS,,Bakalářský,prezenční,04. 01. 2022 17:45,,750,0,ne,,,04. 01. 2022 17:51:52,ano,,ne,,ano,04. 01. 2022 17:46:27,Praha,Česká republika
54275,B-BEDS,,Bakalářský,prezenční,30. 11. 2021 15:50,,750,0,ne,,,,ne,01. 12. 2021 05:23:08,ne,,ano,01. 12. 2021 05:18:20,,
56070,N-EGS,,Magisterský navazující,prezenční,28. 12. 2021 16:33,28.12.2021,750,0,ne,,,28. 12. 2021 22:14:06,ano,28. 12. 2021 21:53:32,ne,,ano,28. 12. 2021 16:37:56,Lagos,Nigérijská federativní republika
55689,N-EGS,,Magisterský navazující,prezenční,21. 12. 2021 08:43,22.12.2021,750,0,ne,,,22. 12. 2021 08:28:53,ano,22. 12. 2021 08:21:58,ne,,ano,21. 12. 2021 08:47:18,Lekki,Nigérijská federativní republika
52964,N-NCO,,Magisterský navazující,prezenční,02. 11. 2021 07:02,,750,0,ne,,,,ne,,ne,,ne,,,
52587,B-BEE,,Bakalářský,prezenční,06. 10. 2021 14:47,,750,0,ne,,,31. 10. 2021 07:40:05,ano,,ne,,ano,06. 10. 2021 14:49:57,"Pune, Maharashtra",Indická republika
53115,N-LPA,,Magisterský navazující,prezenční,09. 11. 2021 08:49,,750,0,ne,,,20. 12. 2021 10:02:45,ano,20. 12. 2021 09:59:25,ne,,ano,09. 11. 2021 08:51:01,Ain Baida,Alžírská lidová demokratická republika
55447,N-LPA,,Magisterský navazující,prezenční,17. 12. 2021 15:17,17.12.2021,750,0,ne,,,17. 12. 2021 15:39:00,ano,17. 12. 2021 15:33:13,ne,,ano,17. 12. 2021 15:20:08,"Fareed Town, Race Course Road",Pákistánská islámská republika
52749,N-NCO,,Magisterský navazující,prezenční,16. 10. 2021 10:15,16.10.2021,750,750,ano,16.10.2021,16. 10. 2021 10:36:08,16. 10. 2021 10:25:27,ano,16. 10. 2021 10:22:45,ano,16. 10. 2021 10:36:08,ano,16. 10. 2021 10:16:14,Ijako,Nigérijská federativní republika
55302,B-BEDS,,Bakalářský,prezenční,15. 12. 2021 09:43,,750,0,ne,,,15. 12. 2021 09:43:40,ano,15. 12. 2021 09:48:28,ne,,ano,15. 12. 2021 09:43:40,Okpella,Ostatní
53010,N-EGS,,Magisterský navazující,prezenční,03. 11. 2021 14:48,03.11.2021,750,0,ne,,,03. 11. 2021 15:09:22,ano,03. 11. 2021 15:00:34,ne,,ano,03. 11. 2021 14:50:15,Alair,Britské indickooceánské území
52604,B-BEE,,Bakalářský,prezenční,07. 10. 2021 16:12,07.10.2021,750,0,ne,,,29. 01. 2021 08:30:20,ano,07. 10. 2021 16:12:27,ne,,ano,07. 10. 2021 16:12:27,Praha,Česká republika
52783,N-LPA,,Magisterský navazující,prezenční,19. 10. 2021 17:55,,750,0,ne,,,19. 10. 2021 17:55:15,ano,19. 10. 2021 17:57:25,ne,,ano,19. 10. 2021 17:55:15,Praha,Česká republika
54503,N-ENVA,,Magisterský navazující,prezenční,03. 12. 2021 12:01,03.12.2021,750,0,ne,,,03. 12. 2021 12:10:36,ano,03. 12. 2021 12:08:15,ne,,ano,03. 12. 2021 12:01:37,"Aligarh, Uttar Pradesh, India",Indická republika
54181,B-BEDS,,Bakalářský,prezenční,29. 11. 2021 01:48,,750,0,ne,,,29. 11. 2021 01:58:38,ano,29. 11. 2021 01:55:59,ne,,ano,29. 11. 2021 01:50:36,Islamabad,Pákistánská islámská republika
54251,N-ENVA,,Magisterský navazující,prezenční,30. 11. 2021 09:05,,750,0,ne,,,30. 11. 2021 09:20:29,ano,30. 11. 2021 09:13:55,ne,,ano,30. 11. 2021 09:06:47,casablanca,Marocké království
52925,B-BEDS,,Bakalářský,prezenční,29. 10. 2021 10:37,,750,0,ne,,,29. 10. 2021 10:37:19,ano,29. 10. 2021 10:38:54,ne,,ano,29. 10. 2021 10:37:19,Tbilisi,Gruzie
52862,B-BEE,,Bakalářský,prezenční,24. 10. 2021 10:42,,750,0,ne,,,24. 10. 2021 11:07:41,ano,24. 10. 2021 10:59:50,ne,,ano,24. 10. 2021 10:42:53,Istanbul,Turecká republika
54238,B-BEE,,Bakalářský,prezenční,29. 11. 2021 21:51,30.11.2021,750,0,ne,,,29. 11. 2021 21:59:33,ano,30. 11. 2021 18:59:38,ne,,ano,29. 11. 2021 21:52:06,Roztoky,Česká republika
52831,N-EGS,,Magisterský navazující,prezenční,22. 10. 2021 18:08,22.10.2021,750,0,ne,,,12. 02. 2021 07:33:03,ano,22. 10. 2021 18:08:54,ne,,ano,22. 10. 2021 18:08:54,NEW AREA GANDHI NAGAR HINO RANCHI JHARKHAND,Indická republika
56502,N-LPA,,Magisterský navazující,prezenční,03. 01. 2022 15:53,,750,0,ne,,,,ne,,ne,,ano,03. 01. 2022 15:54:30,,
53468,N-LPA,,Magisterský navazující,prezenční,17. 11. 2021 11:02,,750,0,ne,,,,ne,,ne,,ano,17. 11. 2021 11:04:37,,
54036,B-BEE,,Bakalářský,prezenční,26. 11. 2021 10:22,27.12.2021,750,0,ne,,,27. 12. 2021 13:25:30,ano,27. 12. 2021 13:20:37,ne,,ano,26. 11. 2021 10:24:57,Sehwan Sharif,Pákistánská islámská republika
55805,N-EGS,,Magisterský navazující,prezenční,23. 12. 2021 07:22,,750,0,ne,,,25. 10. 2020 16:07:07,ano,23. 12. 2021 07:22:55,ne,,ano,23. 12. 2021 07:22:55,Berekum,Ghanská republika
52932,B-BEE,,Bakalářský,prezenční,29. 10. 2021 17:51,29.10.2021,750,0,ne,,,29. 10. 2021 18:03:50,ano,29. 10. 2021 18:01:31,ne,,ano,29. 10. 2021 17:53:18,Takoradi,Ghanská republika
52944,N-ENVA,,Magisterský navazující,prezenční,31. 10. 2021 13:11,,750,0,ne,,,31. 10. 2021 14:24:09,ano,02. 11. 2021 14:03:33,ne,,ano,31. 10. 2021 14:04:02,Würzburg,Spolková republika Německo
53049,B-BEE,,Bakalářský,prezenční,05. 11. 2021 11:18,05.11.2021,750,0,ne,,,05. 11. 2021 22:02:15,ano,05. 11. 2021 11:24:56,ne,,ano,05. 11. 2021 11:20:33,Accra,Ghanská republika
52714,N-EGS,,Magisterský navazující,prezenční,13. 10. 2021 19:33,,750,0,ne,,,,ne,,ne,,ano,13. 10. 2021 19:33:50,,
52908,B-BEE,,Bakalářský,prezenční,28. 10. 2021 02:53,02.12.2021,750,750,ano,27.12.2021,29. 12. 2021 05:45:36,28. 10. 2021 03:00:53,ano,28. 10. 2021 03:02:07,ano,29. 12. 2021 05:45:39,ano,28. 10. 2021 02:54:44,Guatemala City,Guatemalská republika
52717,B-BEE,,Bakalářský,prezenční,14. 10. 2021 10:03,,750,0,ne,,,,ne,,ne,,ne,,,
55747,B-BEDS,,Bakalářský,prezenční,22. 12. 2021 03:16,,750,0,ne,,,14. 03. 2017 08:13:35,ano,22. 12. 2021 03:16:06,ne,,ano,22. 12. 2021 03:16:06,Praha,Česká republika
52633,N-NCO,,Magisterský navazující,prezenční,08. 10. 2021 23:11,27.11.2021,750,0,ne,,,27. 11. 2021 15:24:25,ano,27. 11. 2021 14:11:02,ne,,ano,08. 10. 2021 23:14:33,Kigali,Rwandská republika
52664,B-BEDS,,Bakalářský,prezenční,11. 10. 2021 07:24,02.01.2022,750,0,ne,,,28. 12. 2021 10:40:46,ano,28. 12. 2021 10:32:53,ne,,ano,11. 10. 2021 09:13:45,Kilwa - Tanzania,Sjednocená republika Tanzanie
55123,N-NCO,,Magisterský navazující,prezenční,12. 12. 2021 21:53,,750,0,ne,,,,ne,12. 12. 2021 22:38:28,ne,,ano,12. 12. 2021 22:19:32,,
54075,B-BEDS,,Bakalářský,prezenční,27. 11. 2021 06:58,27.11.2021,750,0,ne,,,27. 11. 2021 07:13:46,ano,27. 11. 2021 07:11:05,ne,,ano,27. 11. 2021 07:04:04,Horana,Srílanská demokratická socialistická republika
56605,B-BEDS,,Bakalářský,prezenční,04. 01. 2022 09:34,,750,0,ne,,,,ne,,ne,,ano,04. 01. 2022 09:42:47,,
53547,B-BEDS,,Bakalářský,prezenční,19. 11. 2021 00:33,,750,0,ne,,,,ne,,ne,,ne,,,
54304,B-BEE,,Bakalářský,prezenční,01. 12. 2021 04:22,,750,0,ne,,,,ne,,ne,,ano,01. 12. 2021 04:24:02,,
55535,B-BEE,,Bakalářský,prezenční,19. 12. 2021 08:08,19.12.2021,750,0,ne,,,19. 12. 2021 08:34:41,ano,19. 12. 2021 08:29:17,ne,,ano,19. 12. 2021 08:10:21,Omsk,Ruská federace
55370,B-BEDS,,Bakalářský,prezenční,16. 12. 2021 08:44,16.12.2021,750,0,ne,,,16. 12. 2021 08:59:42,ano,16. 12. 2021 08:58:06,ne,,ano,16. 12. 2021 08:44:42,Izhevsk,Ruská federace
53940,B-BEE,,Bakalářský,prezenční,24. 11. 2021 16:43,,750,0,ne,,,,ne,,ne,,ano,24. 11. 2021 16:43:11,,
53959,N-EGS,,Magisterský navazující,prezenční,25. 11. 2021 01:22,25.11.2021,750,750,ano,25.11.2021,25. 11. 2021 01:59:18,25. 11. 2021 01:45:16,ano,25. 11. 2021 01:38:45,ano,25. 11. 2021 01:59:18,ano,25. 11. 2021 01:27:04,Ibadan,Ostatní
52912,B-BEE,,Bakalářský,prezenční,28. 10. 2021 09:10,,750,0,ne,,,28. 10. 2021 09:29:31,ano,,ne,,ano,28. 10. 2021 09:13:39,ANAMBRA STATE,Nigérijská federativní republika
52890,B-BEE,,Bakalářský,prezenční,27. 10. 2021 09:32,,750,0,ne,,,,ne,,ne,,ne,,,
52766,N-ENVA,,Magisterský navazující,prezenční,18. 10. 2021 13:07,,750,0,ne,,,18. 10. 2021 13:21:47,ano,18. 10. 2021 13:20:06,ne,,ano,18. 10. 2021 13:13:16,Lalitpur,Nepálská federativní demokratická republika
53064,N-ENVA,,Magisterský navazující,prezenční,06. 11. 2021 10:14,,750,0,ne,,,,ne,06. 11. 2021 10:21:00,ne,,ano,06. 11. 2021 10:15:31,,
55357,B-BEDS,,Bakalářský,prezenční,15. 12. 2021 20:38,,750,0,ne,,,,ne,,ne,,ano,15. 12. 2021 20:43:54,,
52596,N-LPA,,Magisterský navazující,prezenční,06. 10. 2021 23:47,07.10.2021,750,750,ano,19.10.2021,19. 10. 2021 23:46:09,07. 10. 2021 00:36:01,ano,07. 10. 2021 00:33:47,ano,19. 10. 2021 23:46:09,ano,06. 10. 2021 23:49:22,Mexico City,Spojené státy mexické
55374,N-NCO,,Magisterský navazující,prezenční,16. 12. 2021 10:43,16.12.2021,750,0,ne,,,16. 12. 2021 11:03:55,ano,16. 12. 2021 11:17:28,ne,,ano,16. 12. 2021 10:43:55,"Argyroupolis, Athens",Řecká republika
54828,N-LPA,,Magisterský navazující,prezenční,08. 12. 2021 10:48,08.12.2021,750,750,ano,16.12.2021,16. 12. 2021 06:44:56,08. 12. 2021 10:57:14,ano,08. 12. 2021 10:55:08,ano,16. 12. 2021 06:44:56,ano,08. 12. 2021 10:49:38,Algiers,Ostatní
55954,N-ENVA,,Magisterský navazující,prezenční,26. 12. 2021 18:53,26.12.2021,750,0,ne,,,26. 12. 2021 19:11:24,ano,26. 12. 2021 19:09:30,ne,,ano,26. 12. 2021 18:55:12,Kumasi,Ghanská republika
52502,B-BEDS,,Bakalářský,prezenční,02. 10. 2021 12:49,,750,0,ne,,,02. 10. 2021 12:49:25,ano,,ne,,ano,02. 10. 2021 12:49:25,Dřínov,Česká republika
54585,B-BEE,,Bakalářský,prezenční,04. 12. 2021 14:52,,750,0,ne,,,,ne,,ne,,ano,04. 12. 2021 14:58:06,,
53245,N-NCO,,Magisterský navazující,prezenční,13. 11. 2021 00:29,13.11.2021,750,750,ano,14.11.2021,14. 11. 2021 14:32:20,27. 11. 2020 11:42:16,ano,13. 11. 2021 00:29:46,ano,14. 11. 2021 14:32:21,ano,13. 11. 2021 00:29:47,"Utter Pradesh, India",Indická republika
53077,N-EGS,,Magisterský navazující,prezenční,06. 11. 2021 23:41,,750,0,ne,,,,ne,,ne,,ano,23. 11. 2021 23:28:35,,
54437,N-ENVA,,Magisterský navazující,prezenční,02. 12. 2021 12:04,,750,0,ne,,,02. 12. 2021 13:01:05,ano,02. 12. 2021 12:56:26,ne,,ano,02. 12. 2021 12:12:20,Abuja,Nigérijská federativní republika
56055,B-BEE,,Bakalářský,prezenční,28. 12. 2021 13:21,29.12.2021,750,0,ne,,,28. 12. 2021 13:55:15,ano,28. 12. 2021 13:47:14,ne,,ano,28. 12. 2021 13:30:01,Abu Dhabi,Spojené arabské emiráty
52819,B-BEDS,,Bakalářský,prezenční,22. 10. 2021 09:45,22.10.2021,750,0,ne,,,05. 10. 2020 19:25:07,ano,22. 10. 2021 09:45:41,ne,,ano,22. 10. 2021 09:45:42,chililabombwe,Zambijská republika
52820,B-BEE,,Bakalářský,prezenční,22. 10. 2021 10:09,22.10.2021,750,0,ne,,,05. 10. 2020 19:25:07,ano,22. 10. 2021 10:09:24,ne,,ano,22. 10. 2021 10:09:25,chililabombwe,Zambijská republika
52608,B-BEE,,Bakalářský,prezenční,07. 10. 2021 18:07,,750,0,ne,,,,ne,,ne,,ne,,,
52683,B-BEE,,Bakalářský,prezenční,12. 10. 2021 03:48,,750,0,ne,,,,ne,,ne,,ne,,,
52684,B-BEE,,Bakalářský,prezenční,12. 10. 2021 03:52,16.11.2021,750,750,ano,17.11.2021,17. 11. 2021 03:55:06,19. 10. 2021 20:59:47,ano,05. 11. 2021 02:42:06,ano,17. 11. 2021 03:55:06,ano,12. 10. 2021 03:52:41,St. Charles,Spojené státy americké
52726,B-BEE,,Bakalářský,prezenční,14. 10. 2021 23:28,,750,0,ne,,,,ne,14. 10. 2021 23:39:54,ne,,ano,14. 10. 2021 23:30:51,,
54687,N-LPA,,Magisterský navazující,prezenční,06. 12. 2021 12:31,11.12.2021,750,750,ano,11.12.2021,11. 12. 2021 20:13:58,06. 12. 2021 12:53:30,ano,06. 12. 2021 12:50:04,ano,11. 12. 2021 20:13:58,ano,06. 12. 2021 12:32:32,Karachi,Pákistánská islámská republika
53237,N-NCO,,Magisterský navazující,prezenční,12. 11. 2021 21:09,,750,0,ne,,,,ne,,ne,,ano,12. 11. 2021 22:31:04,,
53242,B-BEDS,,Bakalářský,prezenční,12. 11. 2021 23:27,12.11.2021,750,750,ano,24.12.2021,24. 12. 2021 05:28:39,12. 11. 2021 23:39:03,ano,12. 11. 2021 23:37:13,ano,24. 12. 2021 05:28:39,ano,12. 11. 2021 23:33:53,Naucalpan de Juárez,Spojené státy mexické
55469,N-ENVA,,Magisterský navazující,prezenční,17. 12. 2021 18:24,20.12.2021,750,0,ne,,,17. 12. 2021 18:37:15,ano,17. 12. 2021 18:32:30,ne,,ano,17. 12. 2021 18:26:44,Erbil,Irácká republika
53346,B-BEE,,Bakalářský,prezenční,15. 11. 2021 09:33,,750,0,ne,,,,ne,,ne,,ano,15. 11. 2021 09:33:24,,
55316,B-BEDS,,Bakalářský,prezenční,15. 12. 2021 12:51,15.12.2021,750,0,ne,,,15. 12. 2021 13:19:09,ano,15. 12. 2021 13:11:34,ne,,ano,15. 12. 2021 12:53:06,Znojmo,Česká republika
52753,N-EGS,,Magisterský navazující,prezenční,17. 10. 2021 11:36,17.10.2021,750,742.38,ano,18.10.2021,23. 11. 2021 03:01:22,17. 10. 2021 11:54:53,ano,17. 10. 2021 11:49:34,ano,23. 11. 2021 03:01:25,ano,17. 10. 2021 11:38:30,Mbeya,Sjednocená republika Tanzanie
53455,N-NCO,,Magisterský navazující,prezenční,17. 11. 2021 08:54,,750,0,ne,,,,ne,,ne,,ano,17. 11. 2021 08:57:15,,
56529,N-LPA,,Magisterský navazující,prezenční,03. 01. 2022 18:35,04.01.2022,750,0,ne,,,04. 01. 2022 06:12:17,ano,04. 01. 2022 06:10:18,ne,,ano,03. 01. 2022 18:36:51,Cairo,Egyptská arabská republika
52937,N-ENVA,,Magisterský navazující,prezenční,30. 10. 2021 10:22,,750,0,ne,,,,ne,,ne,,ano,30. 10. 2021 10:24:17,,
56098,B-BEE,,Bakalářský,prezenční,29. 12. 2021 10:19,,750,0,ne,,,,ne,,ne,,ano,29. 12. 2021 10:20:08,,
52649,N-EGS,,Magisterský navazující,prezenční,10. 10. 2021 03:11,10.10.2021,750,0,ne,,,10. 10. 2021 03:19:04,ano,10. 10. 2021 03:16:54,ne,,ano,10. 10. 2021 03:13:27,Dakhla,Marocké království
54171,B-BEDS,,Bakalářský,prezenční,28. 11. 2021 21:38,10.12.2021,750,750,ano,10.12.2021,10. 12. 2021 22:11:34,28. 11. 2021 22:03:00,ano,28. 11. 2021 22:01:00,ano,10. 12. 2021 22:11:35,ano,28. 11. 2021 21:44:48,Saint-Peetersburg,Ruská federace
52920,B-BEDS,,Bakalářský,prezenční,28. 10. 2021 22:33,,750,0,ne,,,,ne,,ne,,ano,28. 10. 2021 22:39:22,,
52550,N-LPA,,Magisterský navazující,prezenční,04. 10. 2021 16:32,04.10.2021,750,500,ano,04.10.2021,04. 10. 2021 17:28:55,04. 10. 2021 17:03:01,ano,04. 10. 2021 16:58:40,ano,04. 10. 2021 17:28:56,ano,04. 10. 2021 16:37:08,Howrah,Indická republika
54538,N-ENVA,,Magisterský navazující,prezenční,03. 12. 2021 23:18,03.12.2021,750,0,ne,,,03. 12. 2021 23:27:18,ano,03. 12. 2021 23:26:10,ne,,ano,03. 12. 2021 23:18:42,Victoria,Chilská republika
53920,N-LPA,,Magisterský navazující,prezenční,24. 11. 2021 12:47,,750,0,ne,,,,ne,,ne,,ano,24. 11. 2021 12:53:46,,
54469,N-LPA,,Magisterský navazující,prezenční,02. 12. 2021 19:54,,750,0,ne,,,01. 01. 2022 20:42:45,ano,01. 01. 2022 15:37:04,ne,,ano,02. 12. 2021 19:57:07,"Ogbomoso, Oyo state",Nigérijská federativní republika
52776,N-ENVA,,Magisterský navazující,prezenční,19. 10. 2021 01:34,07.11.2021,750,750,ano,08.11.2021,08. 11. 2021 15:46:18,19. 10. 2021 01:56:37,ano,19. 10. 2021 01:49:25,ano,08. 11. 2021 15:46:18,ano,19. 10. 2021 01:37:34,Lagos,Nigérijská federativní republika
52906,B-BEDS,,Bakalářský,prezenční,27. 10. 2021 21:39,21.11.2021,750,750,ano,22.11.2021,24. 11. 2021 05:45:47,27. 10. 2021 21:47:26,ano,31. 10. 2021 15:44:45,ano,24. 11. 2021 05:45:50,ano,27. 10. 2021 21:40:09,"Ward 8, Kamayut Township, Yangon",Myanmarský svaz
54463,N-NCO,,Magisterský navazující,prezenční,02. 12. 2021 19:22,,750,0,ne,,,,ne,,ne,,ano,02. 12. 2021 19:22:52,,
55044,B-BEE,,Bakalářský,prezenční,11. 12. 2021 22:00,,750,0,ne,,,,ne,,ne,,ne,,,
52885,N-ENVA,,Magisterský navazující,prezenční,26. 10. 2021 17:42,,750,0,ne,,,,ne,26. 10. 2021 17:57:27,ne,,ano,26. 10. 2021 17:46:40,,
55574,N-LPA,,Magisterský navazující,prezenční,19. 12. 2021 17:21,,750,0,ne,,,19. 12. 2021 17:07:37,ano,19. 12. 2021 17:21:50,ne,,ano,19. 12. 2021 17:21:51,Accra,Ghanská republika
52530,B-BEE,,Bakalářský,prezenční,03. 10. 2021 18:12,04.10.2021,750,500,ne,05.10.2021,,03. 10. 2021 18:24:51,ano,03. 10. 2021 18:18:34,ne,,ano,03. 10. 2021 18:15:27,KUMASI,Ghanská republika
52525,B-BEE,,Bakalářský,prezenční,03. 10. 2021 17:52,,750,0,ne,,,,ne,,ne,,ano,03. 10. 2021 17:53:37,,
52527,B-BEE,,Bakalářský,prezenční,03. 10. 2021 17:59,,750,0,ne,,,,ne,03. 10. 2021 18:06:00,ne,,ano,03. 10. 2021 18:01:25,,
52623,N-NCO,,Magisterský navazující,prezenční,08. 10. 2021 11:28,08.10.2021,750,0,ne,,,08. 10. 2021 11:56:17,ano,08. 10. 2021 11:42:17,ne,,ano,08. 10. 2021 11:31:04,"Bahria Town Phase 8, Rawalpindi",Pákistánská islámská republika
52601,B-BEDS,,Bakalářský,prezenční,07. 10. 2021 15:24,,750,0,ne,,,03. 05. 2021 12:54:28,ano,07. 10. 2021 15:24:28,ne,,ano,07. 10. 2021 15:24:29,Bulawayo,Zimbabwská republika
54213,N-ENVA,,Magisterský navazující,prezenční,29. 11. 2021 17:28,27.12.2021,750,0,ne,,,29. 11. 2021 17:41:44,ano,29. 11. 2021 17:35:46,ne,,ano,29. 11. 2021 17:28:54,"AGBOR, Delta State",Nigérijská federativní republika
52743,N-EGS,,Magisterský navazující,prezenční,15. 10. 2021 22:45,05.11.2021,750,0,ne,,,15. 10. 2021 22:58:42,ano,15. 10. 2021 22:55:15,ne,,ano,15. 10. 2021 22:47:27,DOUALA,Kamerunská republika
52654,N-NCO,,Magisterský navazující,prezenční,10. 10. 2021 10:49,15.10.2021,750,750,ano,29.12.2021,29. 12. 2021 09:22:21,16. 11. 2020 12:55:20,ano,10. 10. 2021 10:49:19,ano,29. 12. 2021 09:22:22,ano,10. 10. 2021 10:49:19,DUBAI,Spojené arabské emiráty
53043,N-NCO,,Magisterský navazující,prezenční,05. 11. 2021 09:48,,750,0,ne,,,,ne,,ne,,ano,05. 11. 2021 09:59:12,,
55896,N-EGS,,Magisterský navazující,prezenční,25. 12. 2021 09:26,,750,0,ne,,,25. 12. 2021 09:43:13,ano,,ne,,ano,25. 12. 2021 09:27:57,Cimahi,Indonéská republika
52491,N-LPA,,Magisterský navazující,prezenční,01. 10. 2021 18:08,,750,0,ne,,,01. 10. 2021 19:00:27,ano,01. 10. 2021 18:51:35,ne,,ano,01. 10. 2021 18:09:52,Akrade,Ghanská republika
56260,N-ENVA,,Magisterský navazující,prezenční,31. 12. 2021 22:59,,750,0,ne,,,,ne,,ne,,ne,,,
56261,N-ENVA,,Magisterský navazující,prezenční,31. 12. 2021 23:10,31.12.2021,750,750,ano,02.01.2022,02. 01. 2022 21:16:19,31. 12. 2021 23:20:20,ano,31. 12. 2021 23:15:23,ano,02. 01. 2022 21:16:19,ano,31. 12. 2021 23:11:18,"Lagos, Nigeria",Nigérijská federativní republika
52928,N-EGS,,Magisterský navazující,prezenční,29. 10. 2021 15:12,,750,0,ne,,,,ne,,ne,,ne,,,
52929,N-EGS,,Magisterský navazující,prezenční,29. 10. 2021 15:12,,750,0,ne,,,29. 10. 2021 20:05:23,ano,29. 10. 2021 20:15:33,ne,,ano,29. 10. 2021 15:15:32,Linz,Rakouská republika
52933,N-NCO,,Magisterský navazující,prezenční,29. 10. 2021 21:12,08.11.2021,750,750,ano,08.11.2021,08. 11. 2021 16:13:40,29. 10. 2021 20:05:23,ano,29. 10. 2021 21:12:02,ano,08. 11. 2021 16:13:40,ano,29. 10. 2021 21:12:03,Linz,Rakouská republika
52586,B-BEDS,,Bakalářský,prezenční,06. 10. 2021 13:57,,750,0,ne,,,08. 10. 2021 11:27:01,ano,08. 10. 2021 11:20:20,ne,,ano,08. 10. 2021 11:09:59,"Illaje, lekki, Ajah Lagos state",Ostatní
52494,B-BEDS,,Bakalářský,prezenční,01. 10. 2021 21:09,01.10.2021,750,500,ano,01.10.2021,01. 10. 2021 21:46:49,01. 10. 2021 21:32:10,ano,01. 10. 2021 21:28:44,ano,01. 10. 2021 21:46:49,ano,01. 10. 2021 21:13:39,Lagos,Nigérijská federativní republika
52520,N-NCO,,Magisterský navazující,prezenční,03. 10. 2021 13:33,,750,0,ne,,,,ne,,ne,,ano,03. 10. 2021 13:34:19,,
55042,N-NCO,,Magisterský navazující,prezenční,11. 12. 2021 21:11,11.12.2021,750,0,ne,,,06. 12. 2021 22:09:34,ano,11. 12. 2021 21:11:01,ne,,ano,11. 12. 2021 21:11:01,Abule Egba,Nigérijská federativní republika
55184,B-BEDS,,Bakalářský,prezenční,13. 12. 2021 18:50,,750,0,ne,,,13. 12. 2021 19:15:14,ano,13. 12. 2021 19:11:53,ne,,ano,13. 12. 2021 18:51:59,Dibba fujairah,Spojené arabské emiráty
55185,B-BEE,,Bakalářský,prezenční,13. 12. 2021 18:52,,750,0,ne,,,13. 12. 2021 19:15:14,ano,13. 12. 2021 19:11:53,ne,,ano,13. 12. 2021 18:52:52,Dibba fujairah,Spojené arabské emiráty
52858,N-ENVA,,Magisterský navazující,prezenční,24. 10. 2021 01:47,,750,0,ne,,,24. 10. 2021 02:03:20,ano,24. 10. 2021 01:58:50,ne,,ano,24. 10. 2021 01:51:16,Lagos,Nigérijská federativní republika
56697,B-BEE,,Bakalářský,prezenční,04. 01. 2022 17:36,04.01.2022,750,750,ano,04.01.2022,04. 01. 2022 20:09:19,04. 01. 2022 17:52:34,ano,04. 01. 2022 17:49:13,ano,04. 01. 2022 20:09:20,ano,04. 01. 2022 17:37:58,"Aboh Mbaise, Imo State",Nigérijská federativní republika
52822,N-ENVA,,Magisterský navazující,prezenční,22. 10. 2021 11:31,22.10.2021,750,0,ne,,,22. 10. 2021 19:07:54,ano,22. 10. 2021 19:06:32,ne,,ano,22. 10. 2021 11:34:00,Benin,Nigérijská federativní republika
56455,N-NCO,,Magisterský navazující,prezenční,03. 01. 2022 10:52,03.01.2022,750,0,ne,,,03. 01. 2022 11:03:18,ano,03. 01. 2022 11:01:03,ne,,ano,03. 01. 2022 10:54:32,Ikorodu,Nigérijská federativní republika
54768,B-BEE,,Bakalářský,prezenční,07. 12. 2021 14:45,07.12.2021,750,0,ne,,,07. 12. 2021 15:01:57,ano,07. 12. 2021 14:57:18,ne,,ano,07. 12. 2021 14:47:34,Greater Accra,Ghanská republika
53087,N-LPA,,Magisterský navazující,prezenční,07. 11. 2021 21:58,,750,0,ne,,,08. 11. 2021 12:56:57,ano,08. 11. 2021 12:50:48,ne,,ano,07. 11. 2021 22:01:57,Kharkiv,Ukrajina
52698,B-BEE,,Bakalářský,prezenční,12. 10. 2021 20:07,12.10.2021,750,0,ne,,,12. 10. 2021 20:25:07,ano,12. 10. 2021 20:17:11,ne,,ano,12. 10. 2021 20:08:44,Delta state,Nigérijská federativní republika
52879,B-BEDS,,Bakalářský,prezenční,26. 10. 2021 01:25,26.10.2021,750,0,ne,,,26. 10. 2021 01:43:57,ano,26. 10. 2021 01:40:11,ne,,ano,26. 10. 2021 01:28:47,Odumasi A/A Central,Ghanská republika
52889,N-LPA,,Magisterský navazující,prezenční,27. 10. 2021 08:46,13.12.2021,750,750,ano,13.12.2021,13. 12. 2021 14:54:03,05. 01. 2021 09:03:16,ano,27. 10. 2021 08:46:15,ano,13. 12. 2021 14:54:03,ano,27. 10. 2021 08:46:15,Ibadan,Nigérijská federativní republika
52810,N-EGS,,Magisterský navazující,prezenční,21. 10. 2021 19:46,,750,0,ne,,,,ne,,ne,,ano,21. 10. 2021 19:57:22,,
53349,N-EGS,,Magisterský navazující,prezenční,15. 11. 2021 10:02,,750,0,ne,,,,ne,,ne,,ano,15. 11. 2021 10:04:18,,
53514,N-EGS,,Magisterský navazující,prezenční,18. 11. 2021 12:37,,750,0,ne,,,,ne,,ne,,ano,18. 11. 2021 12:40:13,,
55850,N-NCO,,Magisterský navazující,prezenční,24. 12. 2021 00:44,,750,0,ne,,,,ne,,ne,,ano,24. 12. 2021 01:21:42,,
54949,N-EGS,,Magisterský navazující,prezenční,10. 12. 2021 12:47,,750,0,ne,,,02. 01. 2022 00:04:01,ano,01. 01. 2022 23:58:01,ne,,ano,26. 12. 2021 05:55:09,Ibadan,Nigérijská federativní republika
53088,N-NCO,,Magisterský navazující,prezenční,07. 11. 2021 22:07,04.12.2021,750,750,ano,04.12.2021,04. 12. 2021 23:52:54,08. 01. 2021 21:44:27,ano,07. 11. 2021 22:07:15,ano,04. 12. 2021 23:52:54,ano,07. 11. 2021 22:07:16,"Ibadan, Oyo State",Nigérijská federativní republika
56271,N-ENVA,,Magisterský navazující,prezenční,01. 01. 2022 09:32,,750,0,ne,,,,ne,,ne,,ano,01. 01. 2022 09:36:09,,
53549,B-BEE,,Bakalářský,prezenční,19. 11. 2021 01:03,,750,0,ne,,,02. 01. 2022 11:54:28,ano,02. 01. 2022 11:51:34,ne,,ano,19. 11. 2021 01:05:04,Akure,Nigérijská federativní republika
52859,N-NCO,,Magisterský navazující,prezenční,24. 10. 2021 02:34,,750,0,ne,,,,ne,,ne,,ano,24. 10. 2021 02:41:10,,
54196,B-BEDS,,Bakalářský,prezenční,29. 11. 2021 10:34,,750,0,ne,,,,ne,,ne,,ano,29. 11. 2021 10:36:32,,
56419,N-EGS,,Magisterský navazující,prezenční,02. 01. 2022 21:23,,750,0,ne,,,02. 01. 2022 21:33:43,ano,02. 01. 2022 21:32:34,ne,,ano,02. 01. 2022 21:24:50,Portharcourt,Nigérijská federativní republika
53492,N-EGS,,Magisterský navazující,prezenční,17. 11. 2021 20:50,17.11.2021,750,0,ne,,,17. 11. 2021 21:48:05,ano,17. 11. 2021 21:40:31,ne,,ano,17. 11. 2021 20:53:49,"Lokogoma, Abuja.",Nigérijská federativní republika
54301,B-BEDS,,Bakalářský,prezenční,01. 12. 2021 01:59,06.12.2021,750,0,ne,,,01. 12. 2021 02:03:52,ano,01. 12. 2021 02:14:19,ne,,ano,01. 12. 2021 02:00:23,"Okota, Lagos",Nigérijská federativní republika
54596,B-BEE,,Bakalářský,prezenční,04. 12. 2021 17:05,04.12.2021,750,750,ano,06.12.2021,06. 12. 2021 11:48:04,01. 12. 2021 02:03:52,ano,04. 12. 2021 17:05:57,ano,06. 12. 2021 11:48:05,ano,04. 12. 2021 17:05:57,"Okota, Lagos",Nigérijská federativní republika
52482,N-ENVA,,Magisterský navazující,prezenční,01. 10. 2021 15:36,01.10.2021,750,750,ano,02.11.2021,02. 11. 2021 16:44:53,01. 10. 2021 16:03:11,ano,01. 10. 2021 15:59:30,ano,02. 11. 2021 16:44:53,ano,01. 10. 2021 15:51:36,Kumasi,Ghanská republika
52769,N-EGS,,Magisterský navazující,prezenční,18. 10. 2021 16:05,18.10.2021,750,0,ne,,,18. 10. 2021 17:05:41,ano,18. 10. 2021 16:56:40,ne,,ano,18. 10. 2021 16:13:04,Sunyani,Ghanská republika
53053,B-BEE,,Bakalářský,prezenční,05. 11. 2021 14:47,05.11.2021,750,0,ne,,,05. 11. 2021 15:07:44,ano,05. 11. 2021 15:02:38,ne,,ano,05. 11. 2021 14:49:15,Dhaka,Bangladéšská lidová republika
56209,B-BEE,,Bakalářský,prezenční,30. 12. 2021 18:07,30.12.2021,750,750,ano,30.12.2021,30. 12. 2021 18:30:17,30. 01. 2021 23:31:36,ano,30. 12. 2021 18:07:23,ano,30. 12. 2021 18:30:17,ano,30. 12. 2021 18:07:23,"San Juan Opico, La Libertad",Ostatní
56311,N-NCO,,Magisterský navazující,prezenční,01. 01. 2022 19:28,,750,0,ne,,,01. 01. 2022 19:45:04,ano,,ne,,ano,01. 01. 2022 19:30:03,Abijo,Nigérijská federativní republika
54246,N-NCO,,Magisterský navazující,prezenční,30. 11. 2021 03:42,30.11.2021,750,0,ne,,,30. 11. 2021 04:23:43,ano,30. 11. 2021 04:14:02,ne,,ano,30. 11. 2021 03:44:05,ACCRA,Ghanská republika
52739,B-BEDS,,Bakalářský,prezenční,15. 10. 2021 17:55,,750,0,ne,,,,ne,,ne,,ano,15. 10. 2021 17:57:29,,
52740,B-BEE,,Bakalářský,prezenční,15. 10. 2021 18:10,,750,0,ne,,,,ne,,ne,,ano,15. 10. 2021 18:10:28,,
54600,B-BEE,,Bakalářský,prezenční,04. 12. 2021 18:46,04.12.2021,750,750,ano,04.12.2021,04. 12. 2021 22:30:02,04. 12. 2021 19:05:43,ano,04. 12. 2021 19:02:19,ano,04. 12. 2021 22:30:02,ano,04. 12. 2021 18:49:39,"Wamfie, Bono Region",Ghanská republika
55122,B-BEDS,,Bakalářský,prezenční,12. 12. 2021 21:38,,750,0,ne,,,,ne,,ne,,ano,12. 12. 2021 21:48:48,,
52782,N-NCO,,Magisterský navazující,prezenční,19. 10. 2021 17:09,19.10.2021,750,0,ne,,,28. 12. 2018 22:58:48,ano,19. 10. 2021 17:09:45,ne,,ano,19. 10. 2021 17:09:46,IBADAN,Nigérijská federativní republika
52793,B-BEDS,,Bakalářský,prezenční,20. 10. 2021 17:47,20.10.2021,750,750,ano,20.10.2021,20. 10. 2021 18:13:33,20. 10. 2021 18:00:08,ano,20. 10. 2021 17:57:08,ano,20. 10. 2021 18:13:33,ano,20. 10. 2021 17:49:40,Lagos,Nigérijská federativní republika
52557,N-LPA,,Magisterský navazující,prezenční,04. 10. 2021 22:36,,750,0,ne,,,05. 10. 2021 23:10:10,ano,,ne,,ano,04. 10. 2021 22:47:47,Ibule soro,Nigérijská federativní republika
55015,N-NCO,,Magisterský navazující,prezenční,11. 12. 2021 15:03,,750,0,ne,,,,ne,,ne,,ano,11. 12. 2021 15:03:04,,
53764,B-BEE,,Bakalářský,prezenční,22. 11. 2021 00:58,,750,0,ne,,,,ne,,ne,,ano,22. 11. 2021 00:59:37,,
52792,B-BEDS,,Bakalářský,prezenční,20. 10. 2021 17:03,,750,0,ne,,,20. 10. 2021 17:19:05,ano,,ne,,ano,20. 10. 2021 17:04:14,Moscow,Ruská federace
56624,B-BEE,,Bakalářský,prezenční,04. 01. 2022 11:29,04.01.2022,750,0,ne,,,04. 01. 2022 12:27:20,ano,04. 01. 2022 12:26:00,ne,,ano,04. 01. 2022 12:08:13,"Keshod,Junagadh,Gujarat",Indická republika
56501,B-BEE,,Bakalářský,prezenční,03. 01. 2022 15:35,,750,0,ne,,,,ne,,ne,,ano,03. 01. 2022 15:39:32,,
55768,B-BEE,,Bakalářský,prezenční,22. 12. 2021 12:55,22.12.2021,750,750,ano,22.12.2021,22. 12. 2021 13:23:02,22. 12. 2021 13:01:34,ano,22. 12. 2021 12:59:42,ano,22. 12. 2021 13:23:04,ano,22. 12. 2021 12:55:53,"Ahmedabad,Gujarat",Indická republika
55620,B-BEE,,Bakalářský,prezenční,20. 12. 2021 12:34,,750,0,ne,,,,ne,,ne,,ano,20. 12. 2021 12:38:48,,
53156,B-BEE,,Bakalářský,prezenční,10. 11. 2021 18:00,,750,0,ne,,,,ne,,ne,,ano,10. 11. 2021 18:04:59,,
53376,B-BEDS,,Bakalářský,prezenční,15. 11. 2021 16:35,15.11.2021,750,0,ne,,,15. 11. 2021 16:55:47,ano,15. 11. 2021 19:45:45,ne,,ano,15. 11. 2021 16:37:12,Moscow,Ruská federace
56338,B-BEDS,,Bakalářský,prezenční,02. 01. 2022 10:05,,750,0,ne,,,02. 01. 2022 10:37:12,ano,02. 01. 2022 10:33:17,ne,,ano,02. 01. 2022 10:21:45,LUSAKA,Zambijská republika
52480,B-BEDS,,Bakalářský,prezenční,01. 10. 2021 13:52,02.10.2021,750,500,ano,02.10.2021,02. 10. 2021 20:30:09,02. 10. 2021 09:20:31,ano,01. 10. 2021 15:10:21,ano,02. 10. 2021 20:30:10,ano,01. 10. 2021 13:54:26,Wamfie,Ghanská republika
52645,B-BEDS,,Bakalářský,prezenční,09. 10. 2021 21:02,,750,0,ne,,,09. 10. 2021 21:49:44,ano,09. 10. 2021 21:43:42,ne,,ano,09. 10. 2021 21:13:31,"Ajuwon- Iju, Lagos State",Nigérijská federativní republika
53246,N-NCO,,Magisterský navazující,prezenční,13. 11. 2021 00:59,30.11.2021,750,750,ano,30.11.2021,02. 12. 2021 05:45:33,08. 01. 2019 13:01:33,ano,13. 11. 2021 00:59:29,ano,02. 12. 2021 05:45:38,ano,13. 11. 2021 00:59:30,Bor,Česká republika
53247,N-ENVA,,Magisterský navazující,prezenční,13. 11. 2021 01:04,30.11.2021,750,750,ano,14.12.2021,16. 12. 2021 05:45:47,08. 01. 2019 13:01:33,ano,13. 11. 2021 01:04:04,ano,16. 12. 2021 05:45:51,ano,13. 11. 2021 01:04:05,Bor,Česká republika
53353,N-NCO,,Magisterský navazující,prezenční,15. 11. 2021 11:42,,750,0,ne,,,15. 11. 2021 11:59:41,ano,15. 11. 2021 11:50:12,ne,,ano,15. 11. 2021 11:43:01,"15 Pokhara, Kaski",Ostatní
54710,B-BEE,,Bakalářský,prezenční,06. 12. 2021 16:14,06.12.2021,750,750,ano,07.12.2021,07. 12. 2021 15:36:46,06. 12. 2021 16:43:36,ano,06. 12. 2021 16:36:50,ano,07. 12. 2021 15:36:47,ano,06. 12. 2021 16:16:08,Tehran,Íránská islámská republika
56374,N-LPA,,Magisterský navazující,prezenční,02. 01. 2022 15:19,02.01.2022,750,750,ano,03.01.2022,03. 01. 2022 11:04:33,02. 01. 2022 15:37:04,ano,02. 01. 2022 15:34:48,ano,03. 01. 2022 11:04:34,ano,02. 01. 2022 15:20:28,Fouman,Íránská islámská republika
55765,B-BEDS,,Bakalářský,prezenční,22. 12. 2021 12:33,04.01.2022,750,0,ne,,,05. 12. 2020 13:05:37,ano,22. 12. 2021 12:33:38,ne,,ano,22. 12. 2021 12:33:39,Nellore,Indická republika
55655,B-BEE,,Bakalářský,prezenční,20. 12. 2021 18:54,21.12.2021,750,0,ne,,,21. 12. 2021 16:15:17,ano,21. 12. 2021 07:08:45,ne,,ano,20. 12. 2021 18:58:09,Ajman,Spojené arabské emiráty
55543,N-ENVA,,Magisterský navazující,prezenční,19. 12. 2021 11:58,23.12.2021,750,750,ano,23.12.2021,23. 12. 2021 20:58:56,19. 12. 2021 12:22:35,ano,19. 12. 2021 12:15:22,ano,23. 12. 2021 20:58:57,ano,19. 12. 2021 12:02:55,"Ibadan, Oyo State",Nigérijská federativní republika
52716,B-BEDS,,Bakalářský,prezenční,14. 10. 2021 01:43,14.10.2021,750,0,ne,,,14. 10. 2021 10:39:30,ano,14. 10. 2021 10:29:59,ne,,ano,14. 10. 2021 01:44:59,"Ago-palace way, Okota",Nigérijská federativní republika
55177,B-BEE,,Bakalářský,prezenční,13. 12. 2021 17:16,,750,0,ne,,,15. 12. 2021 18:14:05,ano,15. 12. 2021 18:08:58,ne,,ano,15. 12. 2021 17:57:28,"Anaji Mount Zoin, Takoradi",Ghanská republika
54689,N-EGS,,Magisterský navazující,prezenční,06. 12. 2021 12:49,,750,0,ne,,,,ne,,ne,,ne,,,
52926,N-EGS,,Magisterský navazující,prezenční,29. 10. 2021 11:55,29.10.2021,750,0,ne,,,29. 10. 2021 12:12:18,ano,29. 10. 2021 12:08:00,ne,,ano,29. 10. 2021 11:58:52,Abbottabad,Pákistánská islámská republika
52504,B-BEE,,Bakalářský,prezenční,02. 10. 2021 13:34,02.10.2021,750,0,ne,,,02. 10. 2021 13:51:05,ano,02. 10. 2021 13:46:13,ne,,ano,02. 10. 2021 13:35:14,Noakhali,Bangladéšská lidová republika
52972,N-ENVA,,Magisterský navazující,prezenční,02. 11. 2021 10:40,,750,0,ne,,,,ne,,ne,,ne,,,
53008,N-ENVA,,Magisterský navazující,prezenční,03. 11. 2021 11:43,23.11.2021,750,0,ne,,,23. 11. 2021 09:31:59,ano,23. 11. 2021 09:30:18,ne,,ano,23. 11. 2021 09:21:43,Khorog,Republika Tádžikistán
52503,N-LPA,,Magisterský navazující,prezenční,02. 10. 2021 13:33,,750,0,ne,,,02. 10. 2021 13:33:09,ano,04. 11. 2021 22:47:06,ne,,ano,02. 10. 2021 13:33:09,Erbil,Irácká republika
53016,B-BEE,,Bakalářský,prezenční,03. 11. 2021 18:42,03.11.2021,750,0,ne,,,03. 11. 2021 18:55:04,ano,03. 11. 2021 18:52:16,ne,,ano,03. 11. 2021 18:44:11,Aqtobe,Republika Kazachstán
52531,B-BEE,,Bakalářský,prezenční,03. 10. 2021 20:18,03.10.2021,750,750,ano,02.12.2021,02. 12. 2021 19:17:08,03. 10. 2021 20:38:16,ano,03. 10. 2021 20:34:01,ano,02. 12. 2021 19:17:08,ano,03. 10. 2021 20:20:05,Peoria,Spojené státy americké
54962,N-EGS,,Magisterský navazující,prezenční,10. 12. 2021 15:45,,750,0,ne,,,,ne,10. 12. 2021 15:57:47,ne,,ano,10. 12. 2021 15:48:43,,
52626,N-NCO,,Magisterský navazující,prezenční,08. 10. 2021 18:57,,750,0,ne,,,04. 03. 2021 11:10:20,ano,08. 10. 2021 18:57:12,ne,,ano,08. 10. 2021 18:57:13,Brno,Česká republika
52871,B-BEDS,,Bakalářský,prezenční,25. 10. 2021 09:49,,750,0,ne,,,,ne,,ne,,ano,25. 10. 2021 09:51:12,,
52620,N-EGS,,Magisterský navazující,prezenční,08. 10. 2021 02:30,10.10.2021,750,0,ne,,,10. 10. 2021 00:13:04,ano,10. 10. 2021 00:11:00,ne,,ano,08. 10. 2021 02:32:06,Skhirate,Marocké království
52736,N-EGS,,Magisterský navazující,prezenční,15. 10. 2021 14:15,15.10.2021,750,750,ano,21.10.2021,23. 10. 2021 05:45:40,03. 09. 2021 11:47:12,ano,15. 10. 2021 14:15:12,ano,23. 10. 2021 05:45:43,ano,15. 10. 2021 14:15:13,"National center of excellence in Physical Chemistry, University of Peshawar, Pakistan",Pákistánská islámská republika
55202,B-BEE,,Bakalářský,prezenční,14. 12. 2021 09:11,14.12.2021,750,0,ne,,,14. 12. 2021 09:23:11,ano,14. 12. 2021 09:21:08,ne,,ano,14. 12. 2021 09:11:51,Panglao Island,Filipínská republika
53133,N-ENVA,,Magisterský navazující,prezenční,10. 11. 2021 06:43,,750,0,ne,,,19. 01. 2021 14:05:53,ano,10. 11. 2021 06:43:01,ne,,ano,10. 11. 2021 06:43:02,Tehran,Íránská islámská republika
53135,N-LPA,,Magisterský navazující,prezenční,10. 11. 2021 06:51,10.11.2021,750,0,ne,,,10. 11. 2021 07:01:16,ano,10. 11. 2021 06:59:34,ne,,ano,10. 11. 2021 06:52:35,Tehran,Íránská islámská republika
52699,B-BEE,,Bakalářský,prezenční,12. 10. 2021 20:24,10.12.2021,750,0,ne,,,10. 12. 2021 01:32:51,ano,10. 12. 2021 01:29:06,ne,,ano,12. 10. 2021 20:28:22,Quito- La Primavera,Ekvádorská republika
53190,N-LPA,,Magisterský navazující,prezenční,12. 11. 2021 06:17,12.11.2021,750,0,ne,,,12. 11. 2021 06:23:37,ano,12. 11. 2021 06:21:40,ne,,ano,12. 11. 2021 06:18:17,Chandpur,Bangladéšská lidová republika
54037,B-BEE,,Bakalářský,prezenční,26. 11. 2021 10:24,,750,0,ne,,,14. 12. 2021 12:26:08,ano,03. 12. 2021 16:46:26,ne,,ano,26. 11. 2021 10:26:13,Ternopil,Ukrajina
54923,B-BEDS,,Bakalářský,prezenční,09. 12. 2021 21:01,,750,0,ne,,,13. 12. 2021 13:16:49,ano,,ne,,ano,09. 12. 2021 21:03:06,dcheira inezgane,Marocké království
54015,N-EGS,,Magisterský navazující,prezenční,25. 11. 2021 20:52,25.11.2021,750,0,ne,,,25. 11. 2021 20:58:33,ano,25. 11. 2021 20:56:41,ne,,ano,25. 11. 2021 20:52:49,Narsingdi,Bangladéšská lidová republika
52738,B-BEE,,Bakalářský,prezenční,15. 10. 2021 15:30,13.11.2021,750,750,ano,07.12.2021,07. 12. 2021 18:09:06,13. 11. 2021 16:29:10,ano,13. 11. 2021 16:32:35,ano,07. 12. 2021 18:09:06,ano,15. 10. 2021 15:30:44,Praha (Dejvice),Česká republika
53096,B-BEE,,Bakalářský,prezenční,08. 11. 2021 14:15,08.11.2021,750,0,ne,,,08. 11. 2021 14:50:03,ano,08. 11. 2021 14:38:59,ne,,ano,08. 11. 2021 14:17:02,savar,Bangladéšská lidová republika
53073,B-BEDS,,Bakalářský,prezenční,06. 11. 2021 18:13,,750,0,ne,,,06. 11. 2021 18:13:25,ano,,ne,,ano,06. 11. 2021 18:13:25,Košice - Sídlisko KVP,Slovenská republika
54117,B-BEE,,Bakalářský,prezenční,28. 11. 2021 03:14,,750,0,ne,,,28. 11. 2021 03:28:28,ano,28. 11. 2021 03:25:13,ne,,ano,28. 11. 2021 03:15:24,Kalibata,Indonéská republika
54995,B-BEDS,,Bakalářský,prezenční,11. 12. 2021 03:58,,750,0,ne,,,28. 11. 2021 03:28:28,ano,11. 12. 2021 03:58:46,ne,,ano,11. 12. 2021 03:58:46,Kalibata,Indonéská republika
52624,N-LPA,,Magisterský navazující,prezenční,08. 10. 2021 12:15,,750,0,ne,,,08. 10. 2021 13:34:30,ano,08. 10. 2021 13:24:44,ne,,ano,08. 10. 2021 12:46:56,ACCRA,Ghanská republika
53907,N-NCO,,Magisterský navazující,prezenční,24. 11. 2021 07:21,,750,0,ne,,,24. 11. 2021 07:37:04,ano,24. 11. 2021 07:34:37,ne,,ano,24. 11. 2021 07:26:25,mohan nagar post,Indická republika
55705,N-NCO,,Magisterský navazující,prezenční,21. 12. 2021 12:33,25.12.2021,750,750,ano,25.12.2021,25. 12. 2021 14:19:10,25. 12. 2021 12:09:58,ano,25. 12. 2021 12:05:49,ano,25. 12. 2021 14:19:10,ano,23. 12. 2021 08:07:52,Ebolowa,Kamerunská republika
53279,B-BEE,,Bakalářský,prezenční,13. 11. 2021 20:09,,750,0,ne,,,,ne,,ne,,ano,13. 11. 2021 20:12:26,,
53132,B-BEDS,,Bakalářský,prezenční,10. 11. 2021 03:58,12.11.2021,750,750,ano,12.11.2021,12. 11. 2021 23:55:21,12. 11. 2021 16:37:14,ano,12. 11. 2021 16:37:57,ano,12. 11. 2021 23:55:22,ano,10. 11. 2021 03:58:03,Naucalpan de Juarez,Spojené státy mexické
56084,N-LPA,,Magisterský navazující,prezenční,28. 12. 2021 21:43,,750,0,ne,,,09. 12. 2020 05:56:47,ano,28. 12. 2021 21:43:29,ne,,ano,28. 12. 2021 21:43:30,Obuasi,Ghanská republika
52757,N-ENVA,,Magisterský navazující,prezenční,17. 10. 2021 18:26,,750,0,ne,,,01. 09. 2021 08:32:24,ano,,ne,,ano,17. 10. 2021 18:26:10,Mandi Bahauddin,Pákistánská islámská republika
55348,B-BEE,,Bakalářský,prezenční,15. 12. 2021 20:07,18.12.2021,750,750,ano,18.12.2021,18. 12. 2021 13:02:55,14. 12. 2021 22:40:24,ano,15. 12. 2021 20:07:15,ano,18. 12. 2021 13:02:55,ano,15. 12. 2021 20:07:15,Kushtia,Bangladéšská lidová republika
55898,B-BEE,,Bakalářský,prezenční,25. 12. 2021 11:02,,750,0,ne,,,,ne,,ne,,ano,25. 12. 2021 11:04:19,,
54997,B-BEE,,Bakalářský,prezenční,11. 12. 2021 06:26,11.12.2021,750,750,ano,13.12.2021,13. 12. 2021 09:28:34,11. 12. 2021 10:02:40,ano,11. 12. 2021 09:49:44,ano,13. 12. 2021 09:28:34,ano,11. 12. 2021 06:27:44,"Bldg no M11, Flat no 103, Sharjah, UAE",Spojené arabské emiráty
53080,B-BEE,,Bakalářský,prezenční,07. 11. 2021 12:23,18.12.2021,750,0,ne,,,07. 11. 2021 12:32:14,ano,07. 11. 2021 12:39:20,ne,,ano,07. 11. 2021 12:23:52,Kharkiv,Ukrajina
53163,B-BEDS,,Bakalářský,prezenční,11. 11. 2021 05:51,11.11.2021,750,0,ne,,,11. 11. 2021 06:10:00,ano,11. 11. 2021 06:05:25,ne,,ano,11. 11. 2021 05:59:00,Wellington,Nový Zéland
52887,N-ENVA,,Magisterský navazující,prezenční,26. 10. 2021 20:19,26.10.2021,750,0,ne,,,26. 10. 2021 20:32:24,ano,26. 10. 2021 20:29:34,ne,,ano,26. 10. 2021 20:26:23,"Uberaba, Brazil",Ostatní
54197,B-BEDS,,Bakalářský,prezenční,29. 11. 2021 11:19,29.11.2021,750,0,ne,,,29. 11. 2021 11:29:25,ano,29. 11. 2021 11:25:59,ne,,ano,29. 11. 2021 11:20:25,NEW DELHI,Indická republika
52919,B-BEDS,,Bakalářský,prezenční,28. 10. 2021 18:08,,750,0,ne,,,,ne,,ne,,ne,,,
56652,B-BEE,,Bakalářský,prezenční,04. 01. 2022 14:39,,750,0,ne,,,04. 01. 2022 15:48:40,ano,04. 01. 2022 15:42:50,ne,,ano,04. 01. 2022 14:58:18,Patiala,Indická republika
53079,B-BEDS,,Bakalářský,prezenční,07. 11. 2021 12:18,07.11.2021,750,0,ne,,,07. 11. 2021 12:36:11,ano,07. 11. 2021 12:30:53,ne,,ano,07. 11. 2021 12:23:36,Yes,Indická republika
54471,B-BEDS,,Bakalářský,prezenční,02. 12. 2021 20:33,,750,0,ne,,,,ne,,ne,,ano,02. 12. 2021 20:35:37,,
52501,B-BEE,,Bakalářský,prezenční,02. 10. 2021 11:24,28.11.2021,750,750,ano,29.11.2021,29. 11. 2021 03:43:17,28. 11. 2021 20:25:22,ano,28. 11. 2021 15:42:50,ano,29. 11. 2021 03:43:18,ano,02. 10. 2021 11:29:28,Hlaing Thar Yar Township,Myanmarský svaz
55536,B-BEE,,Bakalářský,prezenční,19. 12. 2021 08:08,19.12.2021,750,750,ano,19.12.2021,19. 12. 2021 08:45:29,19. 12. 2021 08:34:47,ano,19. 12. 2021 08:29:16,ano,19. 12. 2021 08:45:29,ano,19. 12. 2021 08:18:20,Kursk,Ruská federace
55539,B-BEDS,,Bakalářský,prezenční,19. 12. 2021 09:39,19.12.2021,750,750,ano,19.12.2021,19. 12. 2021 09:41:56,19. 12. 2021 08:34:47,ano,19. 12. 2021 09:39:19,ano,19. 12. 2021 09:41:56,ano,19. 12. 2021 09:39:20,Kursk,Ruská federace
54958,N-ENVA,,Magisterský navazující,prezenční,10. 12. 2021 15:01,10.12.2021,750,750,ano,12.12.2021,12. 12. 2021 23:38:15,10. 12. 2021 18:18:52,ano,10. 12. 2021 18:13:05,ano,12. 12. 2021 23:38:15,ano,10. 12. 2021 15:04:59,Biskra,Alžírská lidová demokratická republika
56763,B-BEDS,,Bakalářský,prezenční,05. 01. 2022 06:16,05.01.2022,750,0,ne,,,10. 12. 2021 18:18:52,ano,05. 01. 2022 06:25:09,ne,,ano,05. 01. 2022 06:16:18,Biskra,Alžírská lidová demokratická republika
52827,N-NCO,,Magisterský navazující,prezenční,22. 10. 2021 14:30,,750,0,ne,,,,ne,,ne,,ano,22. 10. 2021 14:31:08,,
55966,N-EGS,,Magisterský navazující,prezenční,27. 12. 2021 01:39,29.12.2021,750,0,ne,,,20. 12. 2021 18:03:35,ano,27. 12. 2021 01:39:36,ne,,ano,27. 12. 2021 01:39:36,Multan,Pákistánská islámská republika
56161,N-NCO,,Magisterský navazující,prezenční,30. 12. 2021 01:29,,750,0,ne,,,20. 12. 2021 18:03:35,ano,30. 12. 2021 01:29:07,ne,,ano,30. 12. 2021 01:29:07,Multan,Pákistánská islámská republika
53265,N-ENVA,,Magisterský navazující,prezenční,13. 11. 2021 17:24,,750,0,ne,,,13. 11. 2021 17:24:30,ano,,ne,,ano,13. 11. 2021 17:24:30,Praha,Česká republika
53267,N-LPA,,Magisterský navazující,prezenční,13. 11. 2021 17:28,,750,0,ne,,,13. 11. 2021 17:24:30,ano,,ne,,ano,13. 11. 2021 17:28:44,Praha,Česká republika
53268,B-BEE,,Bakalářský,prezenční,13. 11. 2021 17:28,,750,0,ne,,,13. 11. 2021 17:24:30,ano,,ne,,ano,13. 11. 2021 17:28:59,Praha,Česká republika
52747,B-BEE,,Bakalářský,prezenční,16. 10. 2021 05:34,16.10.2021,750,0,ne,,,16. 10. 2021 05:55:12,ano,16. 10. 2021 05:50:02,ne,,ano,16. 10. 2021 05:43:36,Sylhet,Bangladéšská lidová republika
55216,N-ENVA,,Magisterský navazující,prezenční,14. 12. 2021 11:50,14.12.2021,750,750,ano,14.12.2021,14. 12. 2021 17:27:13,14. 12. 2021 16:52:48,ano,14. 12. 2021 12:20:36,ano,14. 12. 2021 17:27:13,ano,14. 12. 2021 12:08:26,Sialkot,Pákistánská islámská republika
55249,N-LPA,,Magisterský navazující,prezenční,14. 12. 2021 18:06,14.12.2021,750,750,ano,14.12.2021,14. 12. 2021 18:12:30,14. 12. 2021 16:52:48,ano,14. 12. 2021 18:06:55,ano,14. 12. 2021 18:12:31,ano,14. 12. 2021 18:06:56,Sialkot,Pákistánská islámská republika
55810,N-NCO,,Magisterský navazující,prezenční,23. 12. 2021 10:37,,750,0,ne,,,,ne,23. 12. 2021 10:47:51,ne,,ano,23. 12. 2021 10:39:06,,
53404,N-NCO,,Magisterský navazující,prezenční,16. 11. 2021 05:12,16.11.2021,750,0,ne,,,16. 11. 2021 05:46:16,ano,16. 11. 2021 05:39:44,ne,,ano,16. 11. 2021 05:15:12,Douala,Kamerunská republika
52535,N-ENVA,,Magisterský navazující,prezenční,03. 10. 2021 22:46,14.10.2021,750,750,ano,26.10.2021,23. 11. 2021 03:01:22,14. 10. 2021 09:19:36,ano,14. 10. 2021 08:58:14,ano,23. 11. 2021 03:01:26,ano,03. 10. 2021 22:49:08,Kosofe,Ostatní
52786,B-BEDS,,Bakalářský,prezenční,20. 10. 2021 01:54,23.10.2021,750,750,ano,26.10.2021,23. 11. 2021 03:01:22,14. 10. 2021 09:19:36,ano,20. 10. 2021 02:03:39,ano,23. 11. 2021 03:01:26,ano,20. 10. 2021 01:54:02,Kosofe,Ostatní
53355,B-BEDS,,Bakalářský,prezenční,15. 11. 2021 12:14,15.11.2021,750,750,ano,21.11.2021,21. 11. 2021 10:55:28,15. 11. 2021 13:18:30,ano,15. 11. 2021 12:50:29,ano,21. 11. 2021 10:55:28,ano,15. 11. 2021 12:29:03,Barnaul,Ruská federace
53690,B-BEE,,Bakalářský,prezenční,20. 11. 2021 17:37,,750,0,ne,,,09. 05. 2021 20:57:01,ano,20. 11. 2021 17:37:28,ne,,ano,20. 11. 2021 17:37:28,yaounde,Kamerunská republika
52590,N-ENVA,,Magisterský navazující,prezenční,06. 10. 2021 16:23,,750,0,ne,,,26. 09. 2021 14:48:21,ano,06. 10. 2021 16:23:40,ne,,ano,06. 10. 2021 16:23:40,chennai,Indická republika
52724,N-NCO,,Magisterský navazující,prezenční,14. 10. 2021 20:46,,750,0,ne,,,27. 03. 2021 10:59:51,ano,14. 10. 2021 20:46:29,ne,,ano,14. 10. 2021 20:46:29,Praha,Česká republika
52899,N-NCO,,Magisterský navazující,prezenční,27. 10. 2021 17:00,27.10.2021,750,0,ne,,,17. 10. 2021 21:53:54,ano,27. 10. 2021 17:00:27,ne,,ano,27. 10. 2021 17:00:28,Guatemala City,Guatemalská republika
53935,B-BEDS,,Bakalářský,prezenční,24. 11. 2021 15:29,,750,0,ne,,,01. 12. 2021 14:47:19,ano,,ne,,ano,24. 11. 2021 15:58:01,Narva,Estonská republika
52612,N-LPA,,Magisterský navazující,prezenční,07. 10. 2021 21:39,07.10.2021,750,0,ne,,,07. 10. 2021 22:21:50,ano,07. 10. 2021 22:10:13,ne,,ano,07. 10. 2021 21:41:48,Bishoftu,Etiopská federativní demokratická republika
52630,N-ENVA,,Magisterský navazující,prezenční,08. 10. 2021 22:20,,750,0,ne,,,07. 10. 2021 22:21:50,ano,08. 10. 2021 22:20:00,ne,,ano,08. 10. 2021 22:20:01,Bishoftu,Etiopská federativní demokratická republika
52631,N-ENVA,,Magisterský navazující,prezenční,08. 10. 2021 22:36,,750,0,ne,,,08. 10. 2021 22:51:26,ano,08. 10. 2021 22:46:18,ne,,ano,08. 10. 2021 22:39:28,Bishoftu,Etiopská federativní demokratická republika
55219,N-ENVA,,Magisterský navazující,prezenční,14. 12. 2021 11:58,14.12.2021,750,750,ano,14.12.2021,14. 12. 2021 12:22:04,14. 12. 2021 12:19:02,ano,14. 12. 2021 12:16:05,ano,14. 12. 2021 12:22:05,ano,14. 12. 2021 11:59:08,Bishoftu,Etiopská federativní demokratická republika
52574,B-BEE,,Bakalářský,prezenční,05. 10. 2021 19:32,,750,0,ne,,,05. 10. 2021 19:45:44,ano,05. 10. 2021 19:49:35,ne,,ano,05. 10. 2021 19:34:37,Bayraklı,Turecká republika
56020,B-BEE,,Bakalářský,prezenční,27. 12. 2021 22:17,27.12.2021,750,0,ne,,,27. 12. 2021 22:34:47,ano,27. 12. 2021 22:32:14,ne,,ano,27. 12. 2021 22:18:11,isparta center,Turecká republika
53886,N-EGS,,Magisterský navazující,prezenční,23. 11. 2021 15:17,,750,0,ne,,,,ne,,ne,,ano,23. 11. 2021 15:28:33,,
52727,N-NCO,,Magisterský navazující,prezenční,15. 10. 2021 01:27,15.10.2021,750,0,ne,,,15. 10. 2021 01:39:50,ano,15. 10. 2021 01:35:56,ne,,ano,15. 10. 2021 01:28:59,sangotedo lekki epe express way lagos state nigeria,Ostatní
52669,B-BEE,,Bakalářský,prezenční,11. 10. 2021 14:04,,750,0,ne,,,11. 10. 2021 14:18:04,ano,11. 10. 2021 14:15:33,ne,,ano,11. 10. 2021 14:06:51,Nigeria abuja,Ostatní
52670,B-BEDS,,Bakalářský,prezenční,11. 10. 2021 14:38,13.10.2021,750,0,ne,,,11. 10. 2021 14:18:04,ano,11. 10. 2021 14:38:57,ne,,ano,11. 10. 2021 14:38:58,Nigeria abuja,Ostatní
55852,N-EGS,,Magisterský navazující,prezenční,24. 12. 2021 01:51,,750,0,ne,,,24. 12. 2021 02:16:41,ano,24. 12. 2021 02:14:13,ne,,ano,24. 12. 2021 01:53:16,"Enugu, Nigeria",Nigérijská federativní republika
52665,B-BEE,,Bakalářský,prezenční,11. 10. 2021 09:25,19.10.2021,750,750,ano,08.11.2021,10. 11. 2021 05:45:55,12. 10. 2021 17:08:06,ano,11. 10. 2021 09:37:24,ano,10. 11. 2021 05:45:59,ano,11. 10. 2021 09:26:32,Nur - Sultan,Republika Kazachstán
53590,B-BEDS,,Bakalářský,prezenční,19. 11. 2021 12:34,,750,0,ne,,,18. 11. 2021 09:13:02,ano,20. 11. 2021 08:02:01,ne,,ano,19. 11. 2021 12:34:14,"Ikare Akoko, Ondo State",Nigérijská federativní republika
53640,N-LPA,,Magisterský navazující,prezenční,20. 11. 2021 07:49,20.11.2021,750,0,ne,,,18. 11. 2021 09:13:02,ano,20. 11. 2021 07:49:23,ne,,ano,20. 11. 2021 07:49:23,"Ikare Akoko, Ondo State",Nigérijská federativní republika
52532,N-NCO,,Magisterský navazující,prezenční,03. 10. 2021 20:56,04.10.2021,750,750,ano,02.11.2021,02. 11. 2021 13:58:07,14. 12. 2020 05:37:10,ano,03. 10. 2021 20:56:34,ano,02. 11. 2021 13:58:07,ano,03. 10. 2021 20:56:35,Abeokuta,Nigérijská federativní republika
52614,N-EGS,,Magisterský navazující,prezenční,07. 10. 2021 22:14,10.10.2021,750,750,ano,02.12.2021,02. 12. 2021 13:42:38,08. 10. 2021 14:23:16,ano,08. 10. 2021 14:15:30,ano,02. 12. 2021 13:42:38,ano,08. 10. 2021 10:12:36,Enugu,Nigérijská federativní republika
52636,N-NCO,,Magisterský navazující,prezenční,09. 10. 2021 08:57,,750,0,ne,,,,ne,,ne,,ne,,,
55232,B-BEE,,Bakalářský,prezenční,14. 12. 2021 14:10,14.12.2021,750,750,ano,14.12.2021,14. 12. 2021 14:30:11,14. 12. 2021 14:26:23,ano,14. 12. 2021 14:22:37,ano,14. 12. 2021 14:30:12,ano,14. 12. 2021 14:14:40,Al Ain,Spojené arabské emiráty
54169,B-BEDS,,Bakalářský,prezenční,28. 11. 2021 21:13,02.12.2021,750,0,ne,,,29. 11. 2021 21:56:13,ano,02. 12. 2021 09:36:19,ne,,ano,28. 11. 2021 21:14:47,Brno,Česká republika
52492,N-LPA,,Magisterský navazující,prezenční,01. 10. 2021 18:47,01.10.2021,750,750,ano,01.01.2022,01. 01. 2022 20:26:56,01. 10. 2021 20:14:36,ano,01. 10. 2021 20:11:09,ano,01. 01. 2022 20:26:56,ano,01. 10. 2021 18:49:30,Iztapalapa,Spojené státy mexické
52788,N-NCO,,Magisterský navazující,prezenční,20. 10. 2021 07:44,02.11.2021,750,0,ne,,,01. 10. 2021 20:14:36,ano,20. 10. 2021 07:44:41,ne,,ano,20. 10. 2021 07:44:42,Iztapalapa,Spojené státy mexické
55227,N-LPA,,Magisterský navazující,prezenční,14. 12. 2021 13:18,,750,0,ne,,,14. 12. 2021 13:35:57,ano,,ne,,ano,14. 12. 2021 13:29:03,Sofia,Bulharská republika
55148,N-EGS,,Magisterský navazující,prezenční,13. 12. 2021 11:16,13.12.2021,750,0,ne,,,13. 12. 2021 11:52:52,ano,13. 12. 2021 11:43:06,ne,,ano,13. 12. 2021 11:23:15,Douala,Kamerunská republika
55685,N-NCO,,Magisterský navazující,prezenční,21. 12. 2021 03:09,21.12.2021,750,0,ne,,,13. 12. 2021 11:52:52,ano,21. 12. 2021 03:09:46,ne,,ano,21. 12. 2021 03:09:47,Douala,Kamerunská republika
55682,N-ENVA,,Magisterský navazující,prezenční,21. 12. 2021 02:35,21.12.2021,750,0,ne,,,13. 12. 2021 11:52:52,ano,21. 12. 2021 02:35:53,ne,,ano,21. 12. 2021 02:35:53,Douala,Kamerunská republika
55683,N-LPA,,Magisterský navazující,prezenční,21. 12. 2021 02:42,21.12.2021,750,0,ne,,,13. 12. 2021 11:52:52,ano,21. 12. 2021 02:42:04,ne,,ano,21. 12. 2021 02:42:04,Douala,Kamerunská republika
55592,N-EGS,,Magisterský navazující,prezenční,20. 12. 2021 03:43,21.12.2021,750,0,ne,,,21. 12. 2021 01:57:06,ano,21. 12. 2021 01:57:57,ne,,ano,20. 12. 2021 03:44:56,Douala,Kamerunská republika
52565,N-LPA,,Magisterský navazující,prezenční,05. 10. 2021 11:45,,750,0,ne,,,05. 10. 2021 11:45:21,ano,,ne,,ano,05. 10. 2021 11:45:21,"Bengaluru, Karnataka, India",Indická republika
52637,N-NCO,,Magisterský navazující,prezenční,09. 10. 2021 10:08,,750,0,ne,,,,ne,,ne,,ano,09. 10. 2021 10:09:27,,
53094,N-ENVA,,Magisterský navazující,prezenční,08. 11. 2021 13:00,08.11.2021,750,750,ano,08.11.2021,08. 11. 2021 13:15:35,08. 11. 2021 13:09:59,ano,08. 11. 2021 13:04:59,ano,08. 11. 2021 13:15:35,ano,08. 11. 2021 13:01:09,Hisar,Indická republika
54620,N-EGS,,Magisterský navazující,prezenční,05. 12. 2021 06:58,05.12.2021,750,750,ano,05.12.2021,05. 12. 2021 07:19:51,05. 12. 2021 07:10:40,ano,05. 12. 2021 07:08:47,ano,05. 12. 2021 07:19:51,ano,05. 12. 2021 07:00:25,BELLO,Kolumbijská republika
54243,N-EGS,,Magisterský navazující,prezenční,30. 11. 2021 02:54,30.11.2021,750,0,ne,,,30. 11. 2021 03:15:47,ano,30. 11. 2021 03:13:12,ne,,ano,30. 11. 2021 02:55:13,Trivandrum,Indická republika
52947,B-BEE,,Bakalářský,prezenční,01. 11. 2021 03:43,01.11.2021,750,750,ano,02.11.2021,02. 11. 2021 13:15:22,01. 11. 2021 04:23:35,ano,01. 11. 2021 03:59:38,ano,02. 11. 2021 13:15:22,ano,01. 11. 2021 03:46:16,Nay Pyi Taw,Myanmarský svaz
56028,B-BEDS,,Bakalářský,prezenční,28. 12. 2021 06:46,,750,0,ne,,,,ne,,ne,,ne,,,
53161,N-EGS,,Magisterský navazující,prezenční,11. 11. 2021 03:37,11.11.2021,750,0,ne,,,11. 11. 2021 03:49:57,ano,11. 11. 2021 03:47:24,ne,,ano,11. 11. 2021 03:38:49,River Garden Housing Scheme Gujrat,Pákistánská islámská republika
56082,N-NCO,,Magisterský navazující,prezenční,28. 12. 2021 20:44,,750,0,ne,,,,ne,,ne,,ano,28. 12. 2021 20:49:16,,
54236,N-EGS,,Magisterský navazující,prezenční,29. 11. 2021 21:36,,750,0,ne,,,18. 12. 2021 06:27:22,ano,18. 12. 2021 06:36:39,ne,,ano,29. 11. 2021 21:38:29,Adenta-Accra,Ghanská republika
56648,N-NCO,,Magisterský navazující,prezenční,04. 01. 2022 13:51,,750,0,ne,,,04. 01. 2022 14:25:09,ano,04. 01. 2022 14:18:12,ne,,ano,04. 01. 2022 14:09:51,Accra,Ghanská republika
55522,N-EGS,,Magisterský navazující,prezenční,18. 12. 2021 21:43,,750,0,ne,,,18. 12. 2021 21:58:21,ano,18. 12. 2021 21:53:26,ne,,ano,18. 12. 2021 21:45:46,Asankrangwa,Ghanská republika
54887,B-BEDS,,Bakalářský,prezenční,09. 12. 2021 00:05,09.12.2021,750,0,ne,,,09. 12. 2021 00:37:38,ano,09. 12. 2021 00:28:24,ne,,ano,09. 12. 2021 00:07:48,Yes,Nigérijská federativní republika
53710,N-EGS,,Magisterský navazující,prezenční,21. 11. 2021 09:19,21.11.2021,750,0,ne,,,15. 03. 2021 12:22:50,ano,21. 11. 2021 09:19:05,ne,,ano,21. 11. 2021 09:19:06,Lefkosa,Kyperská republika
53262,B-BEE,,Bakalářský,prezenční,13. 11. 2021 15:37,13.11.2021,750,750,ano,22.11.2021,22. 11. 2021 19:05:32,13. 11. 2021 15:56:57,ano,13. 11. 2021 15:50:20,ano,22. 11. 2021 19:05:33,ano,13. 11. 2021 15:39:15,Nanjing-Jiangsu,Čínská lidová republika
56066,N-LPA,,Magisterský navazující,prezenční,28. 12. 2021 15:27,28.12.2021,750,0,ne,,,28. 12. 2021 15:44:08,ano,28. 12. 2021 15:40:07,ne,,ano,28. 12. 2021 15:29:28,shiraz,Íránská islámská republika
52758,N-LPA,,Magisterský navazující,prezenční,17. 10. 2021 18:26,18.10.2021,750,0,ne,,,18. 10. 2021 13:29:02,ano,18. 10. 2021 13:30:39,ne,,ano,18. 10. 2021 12:54:59,Tizi Ouzou,Alžírská lidová demokratická republika
54205,B-BEDS,,Bakalářský,prezenční,29. 11. 2021 14:45,,750,0,ne,,,29. 11. 2021 14:52:38,ano,29. 11. 2021 14:51:19,ne,,ano,29. 11. 2021 14:47:32,Rivne,Ukrajina
52860,B-BEDS,,Bakalářský,prezenční,24. 10. 2021 02:43,,750,0,ne,,,20. 04. 2021 15:04:06,ano,24. 10. 2021 02:43:35,ne,,ano,24. 10. 2021 02:43:35,Sharm el Sheikh,Egyptská arabská republika
55756,B-BEDS,,Bakalářský,prezenční,22. 12. 2021 10:57,,750,0,ne,,,,ne,,ne,,ano,22. 12. 2021 10:59:56,,
